{"info":{"year":"2025","version":"1","description":"Exported from roboflow.com","contributor":"","url":"https://public.roboflow.com/object-detection/undefined","date_created":"2025-05-30T01:48:29+00:00"},"licenses":[{"id":1,"url":"https://creativecommons.org/licenses/by/4.0/","name":"CC BY 4.0"}],"categories":[{"id":0,"name":"Breast-Cancer-SM4x","supercategory":"none"},{"id":1,"name":"malignant","supercategory":"Breast-Cancer-SM4x"}],"images":[{"id":0,"license":1,"file_name":"us227_jpg.rf.d1c71005eb414607fd42f4431185edaf.jpg","height":131,"width":153,"date_captured":"2025-05-30T01:48:29+00:00","extra":{"name":"us227.jpg"}},{"id":1,"license":1,"file_name":"us235_jpg.rf.deb03351879a3da6751b120bc85601a1.jpg","height":159,"width":169,"date_captured":"2025-05-30T01:48:29+00:00","extra":{"name":"us235.jpg"}},{"id":2,"license":1,"file_name":"us203_jpg.rf.d92c966668bdcd6f192dcff21694d5b6.jpg","height":99,"width":155,"date_captured":"2025-05-30T01:48:29+00:00","extra":{"name":"us203.jpg"}},{"id":3,"license":1,"file_name":"us174_jpg.rf.d9240d16251f6203dcd67481bc32fea2.jpg","height":77,"width":191,"date_captured":"2025-05-30T01:48:29+00:00","extra":{"name":"us174.jpg"}},{"id":4,"license":1,"file_name":"us132_jpg.rf.296a3daba9cb929b236a8bfe209a2d6c.jpg","height":131,"width":185,"date_captured":"2025-05-30T01:48:29+00:00","extra":{"name":"us132.jpg"}},{"id":5,"license":1,"file_name":"us175_jpg.rf.065f77ed8a40b2178f36475475dbdf3c.jpg","height":77,"width":191,"date_captured":"2025-05-30T01:48:29+00:00","extra":{"name":"us175.jpg"}},{"id":6,"license":1,"file_name":"us107_jpg.rf.aa1f6a2e23efe7c9bca6607fd2a0fd26.jpg","height":99,"width":177,"date_captured":"2025-05-30T01:48:29+00:00","extra":{"name":"us107.jpg"}},{"id":7,"license":1,"file_name":"us140_jpg.rf.c3b2cb7daf038d8190a6d5dd2cdbe652.jpg","height":91,"width":111,"date_captured":"2025-05-30T01:48:29+00:00","extra":{"name":"us140.jpg"}},{"id":8,"license":1,"file_name":"us167_jpg.rf.41d7e83c6a9fe295c4a22da4b6b198ce.jpg","height":77,"width":95,"date_captured":"2025-05-30T01:48:29+00:00","extra":{"name":"us167.jpg"}},{"id":9,"license":1,"file_name":"us206_jpg.rf.948f6c0c684556500183f9cc13f896cb.jpg","height":111,"width":163,"date_captured":"2025-05-30T01:48:29+00:00","extra":{"name":"us206.jpg"}},{"id":10,"license":1,"file_name":"us129_jpg.rf.f09ba68ee34fe58a6045a64ebaef14e1.jpg","height":91,"width":121,"date_captured":"2025-05-30T01:48:29+00:00","extra":{"name":"us129.jpg"}},{"id":11,"license":1,"file_name":"us232_jpg.rf.612ee2b9e0ed80a939defe586463e90d.jpg","height":159,"width":169,"date_captured":"2025-05-30T01:48:29+00:00","extra":{"name":"us232.jpg"}},{"id":12,"license":1,"file_name":"us238_jpg.rf.a824a694c659d0f4c25f40fdc76c0214.jpg","height":99,"width":143,"date_captured":"2025-05-30T01:48:29+00:00","extra":{"name":"us238.jpg"}},{"id":13,"license":1,"file_name":"us145_jpg.rf.e6bd61a35627d6319d8d09549ac17174.jpg","height":91,"width":97,"date_captured":"2025-05-30T01:48:29+00:00","extra":{"name":"us145.jpg"}},{"id":14,"license":1,"file_name":"us197_jpg.rf.695b39d1d30959fbe78705d478c77210.jpg","height":83,"width":169,"date_captured":"2025-05-30T01:48:29+00:00","extra":{"name":"us197.jpg"}},{"id":15,"license":1,"file_name":"us119_jpg.rf.1435d1833c84ef02fefc0c10ad164e92.jpg","height":131,"width":153,"date_captured":"2025-05-30T01:48:29+00:00","extra":{"name":"us119.jpg"}},{"id":16,"license":1,"file_name":"us228_jpg.rf.a42eb07b4d83e8045686f469fbfefcc6.jpg","height":131,"width":153,"date_captured":"2025-05-30T01:48:29+00:00","extra":{"name":"us228.jpg"}},{"id":17,"license":1,"file_name":"us116_jpg.rf.d4007288450694af3b41a6e91a18f0e9.jpg","height":131,"width":153,"date_captured":"2025-05-30T01:48:29+00:00","extra":{"name":"us116.jpg"}},{"id":18,"license":1,"file_name":"us138_jpg.rf.9ff12655bbb23df68176586cc605ac7c.jpg","height":91,"width":111,"date_captured":"2025-05-30T01:48:29+00:00","extra":{"name":"us138.jpg"}},{"id":19,"license":1,"file_name":"us130_jpg.rf.936dc0007d4800e61fb2dc272aa3adfc.jpg","height":91,"width":121,"date_captured":"2025-05-30T01:48:29+00:00","extra":{"name":"us130.jpg"}},{"id":20,"license":1,"file_name":"us150_jpg.rf.952eef80c70602404dfcab433c7a5b5d.jpg","height":93,"width":163,"date_captured":"2025-05-30T01:48:29+00:00","extra":{"name":"us150.jpg"}},{"id":21,"license":1,"file_name":"us105_jpg.rf.a283f365d86afcb6707edcd81a1cf850.jpg","height":113,"width":137,"date_captured":"2025-05-30T01:48:29+00:00","extra":{"name":"us105.jpg"}},{"id":22,"license":1,"file_name":"us131_jpg.rf.f4458cd14ad35cbef1ac0364244d2b49.jpg","height":131,"width":185,"date_captured":"2025-05-30T01:48:29+00:00","extra":{"name":"us131.jpg"}},{"id":23,"license":1,"file_name":"us133_jpg.rf.3a721decf9d002ebb4df1aa2807dd250.jpg","height":131,"width":185,"date_captured":"2025-05-30T01:48:29+00:00","extra":{"name":"us133.jpg"}},{"id":24,"license":1,"file_name":"us216_jpg.rf.3c05e02e31fbc137853cd593919d3b7d.jpg","height":99,"width":139,"date_captured":"2025-05-30T01:48:29+00:00","extra":{"name":"us216.jpg"}},{"id":25,"license":1,"file_name":"us182_jpg.rf.3d755379529bbc6e4dbc0c4610295e1d.jpg","height":115,"width":121,"date_captured":"2025-05-30T01:48:29+00:00","extra":{"name":"us182.jpg"}},{"id":26,"license":1,"file_name":"us246_jpg.rf.05d708083a87c9268e3f8f01362a082c.jpg","height":99,"width":139,"date_captured":"2025-05-30T01:48:29+00:00","extra":{"name":"us246.jpg"}},{"id":27,"license":1,"file_name":"us127_jpg.rf.5c5720a34cbce698ee2f3b22ebfff1cb.jpg","height":91,"width":121,"date_captured":"2025-05-30T01:48:29+00:00","extra":{"name":"us127.jpg"}},{"id":28,"license":1,"file_name":"us168_jpg.rf.7b47e4e1a9779d3d725ffaefe0c6479c.jpg","height":77,"width":95,"date_captured":"2025-05-30T01:48:29+00:00","extra":{"name":"us168.jpg"}},{"id":29,"license":1,"file_name":"us158_jpg.rf.cb0319d27f11e68407c42e595a74b8d2.jpg","height":159,"width":199,"date_captured":"2025-05-30T01:48:29+00:00","extra":{"name":"us158.jpg"}},{"id":30,"license":1,"file_name":"us173_jpg.rf.bfa7f210d29c64e629684e18a8e7380a.jpg","height":77,"width":191,"date_captured":"2025-05-30T01:48:29+00:00","extra":{"name":"us173.jpg"}},{"id":31,"license":1,"file_name":"us109_jpg.rf.f00f53727f7636313e2b7fd338d84e5a.jpg","height":99,"width":177,"date_captured":"2025-05-30T01:48:29+00:00","extra":{"name":"us109.jpg"}},{"id":32,"license":1,"file_name":"us195_jpg.rf.0a2a7013d1c129b3446592b6e1211695.jpg","height":101,"width":119,"date_captured":"2025-05-30T01:48:29+00:00","extra":{"name":"us195.jpg"}},{"id":33,"license":1,"file_name":"us196_jpg.rf.e96f966526f0846e51829f33479f176b.jpg","height":83,"width":169,"date_captured":"2025-05-30T01:48:29+00:00","extra":{"name":"us196.jpg"}},{"id":34,"license":1,"file_name":"us211_jpg.rf.854b7ac09914fccdf015669766bbbf22.jpg","height":99,"width":149,"date_captured":"2025-05-30T01:48:29+00:00","extra":{"name":"us211.jpg"}},{"id":35,"license":1,"file_name":"us189_jpg.rf.7b2312c09551a92553c0e04aad8ccffc.jpg","height":107,"width":143,"date_captured":"2025-05-30T01:48:29+00:00","extra":{"name":"us189.jpg"}},{"id":36,"license":1,"file_name":"us152_jpg.rf.9e523d16739071b48de9e8fc50bdec40.jpg","height":97,"width":189,"date_captured":"2025-05-30T01:48:29+00:00","extra":{"name":"us152.jpg"}},{"id":37,"license":1,"file_name":"us209_jpg.rf.2e023c51aa5c5367c050ee4d4cdab4ed.jpg","height":111,"width":163,"date_captured":"2025-05-30T01:48:29+00:00","extra":{"name":"us209.jpg"}},{"id":38,"license":1,"file_name":"us110_jpg.rf.7d19362adc1f8428ff5c1f4c5b4fd057.jpg","height":99,"width":177,"date_captured":"2025-05-30T01:48:29+00:00","extra":{"name":"us110.jpg"}},{"id":39,"license":1,"file_name":"us153_jpg.rf.0350a2a821f17b13065f94163e33a84b.jpg","height":97,"width":189,"date_captured":"2025-05-30T01:48:29+00:00","extra":{"name":"us153.jpg"}},{"id":40,"license":1,"file_name":"us160_jpg.rf.b930f2e776a696fbc8c59de2ed7ab89e.jpg","height":159,"width":199,"date_captured":"2025-05-30T01:48:29+00:00","extra":{"name":"us160.jpg"}},{"id":41,"license":1,"file_name":"us124_jpg.rf.269c52d25028aa2622f30ec0acd982ec.jpg","height":161,"width":199,"date_captured":"2025-05-30T01:48:29+00:00","extra":{"name":"us124.jpg"}},{"id":42,"license":1,"file_name":"us245_jpg.rf.d4a4268a19d92b353bc0563f4aa1b4dd.jpg","height":91,"width":119,"date_captured":"2025-05-30T01:48:29+00:00","extra":{"name":"us245.jpg"}},{"id":43,"license":1,"file_name":"us212_jpg.rf.fd383d730be1af25f01a97d0eb3731b6.jpg","height":99,"width":149,"date_captured":"2025-05-30T01:48:29+00:00","extra":{"name":"us212.jpg"}},{"id":44,"license":1,"file_name":"us215_jpg.rf.bfeabb3d5d344f8dcf29168d676ea87e.jpg","height":99,"width":149,"date_captured":"2025-05-30T01:48:29+00:00","extra":{"name":"us215.jpg"}},{"id":45,"license":1,"file_name":"us139_jpg.rf.325197cdbd8faa90ddc30fa937493ee0.jpg","height":91,"width":111,"date_captured":"2025-05-30T01:48:29+00:00","extra":{"name":"us139.jpg"}},{"id":46,"license":1,"file_name":"us165_jpg.rf.2bd201107eb7165fa198ca9daadf8462.jpg","height":147,"width":183,"date_captured":"2025-05-30T01:48:29+00:00","extra":{"name":"us165.jpg"}},{"id":47,"license":1,"file_name":"us177_jpg.rf.eebb852011b945fde3eefe36c1d90930.jpg","height":137,"width":145,"date_captured":"2025-05-30T01:48:29+00:00","extra":{"name":"us177.jpg"}},{"id":48,"license":1,"file_name":"us146_jpg.rf.b23a9a3dec1ad1f81672888e2d99337a.jpg","height":93,"width":163,"date_captured":"2025-05-30T01:48:29+00:00","extra":{"name":"us146.jpg"}},{"id":49,"license":1,"file_name":"us126_jpg.rf.1abaad06583a64dc5fc11f0d3f3a2cfd.jpg","height":91,"width":121,"date_captured":"2025-05-30T01:48:29+00:00","extra":{"name":"us126.jpg"}},{"id":50,"license":1,"file_name":"us229_jpg.rf.1b2a284430b92dd490406fce28331932.jpg","height":131,"width":153,"date_captured":"2025-05-30T01:48:29+00:00","extra":{"name":"us229.jpg"}},{"id":51,"license":1,"file_name":"us180_jpg.rf.8c726ae8ec677a7bff3b362c6c851bad.jpg","height":137,"width":145,"date_captured":"2025-05-30T01:48:29+00:00","extra":{"name":"us180.jpg"}},{"id":52,"license":1,"file_name":"us213_jpg.rf.c7c55df43c20cdae9374832e85b00a18.jpg","height":99,"width":149,"date_captured":"2025-05-30T01:48:29+00:00","extra":{"name":"us213.jpg"}},{"id":53,"license":1,"file_name":"us249_jpg.rf.0237c25ba37a95ac747eab24ae33a7dc.jpg","height":99,"width":139,"date_captured":"2025-05-30T01:48:29+00:00","extra":{"name":"us249.jpg"}},{"id":54,"license":1,"file_name":"us104_jpg.rf.d903e378c08fa78fab1d53f9f77f6b92.jpg","height":113,"width":137,"date_captured":"2025-05-30T01:48:29+00:00","extra":{"name":"us104.jpg"}},{"id":55,"license":1,"file_name":"us224_jpg.rf.a82d5f60c6c5ae48d1b0ec362838b1ca.jpg","height":123,"width":163,"date_captured":"2025-05-30T01:48:29+00:00","extra":{"name":"us224.jpg"}},{"id":56,"license":1,"file_name":"us205_jpg.rf.7c8ddd31dc5786b068776b50955af02a.jpg","height":99,"width":155,"date_captured":"2025-05-30T01:48:29+00:00","extra":{"name":"us205.jpg"}},{"id":57,"license":1,"file_name":"us117_jpg.rf.3d36e057eb5b183395f66c9a0f67fb52.jpg","height":131,"width":153,"date_captured":"2025-05-30T01:48:29+00:00","extra":{"name":"us117.jpg"}},{"id":58,"license":1,"file_name":"us188_jpg.rf.4cff5228c515a2bc0d182068f9616f9e.jpg","height":107,"width":143,"date_captured":"2025-05-30T01:48:29+00:00","extra":{"name":"us188.jpg"}},{"id":59,"license":1,"file_name":"us134_jpg.rf.29e23e5c9caee3a35fb6bf4e51e56937.jpg","height":131,"width":185,"date_captured":"2025-05-30T01:48:29+00:00","extra":{"name":"us134.jpg"}},{"id":60,"license":1,"file_name":"us200_jpg.rf.f72e372d4cf9cc429e038acd7fa96a7c.jpg","height":83,"width":169,"date_captured":"2025-05-30T01:48:29+00:00","extra":{"name":"us200.jpg"}},{"id":61,"license":1,"file_name":"us125_jpg.rf.848976bafee25efcb263b00c262054e4.jpg","height":161,"width":199,"date_captured":"2025-05-30T01:48:29+00:00","extra":{"name":"us125.jpg"}},{"id":62,"license":1,"file_name":"us184_jpg.rf.381cc249f2dc79285a73aa031443d0b8.jpg","height":115,"width":121,"date_captured":"2025-05-30T01:48:29+00:00","extra":{"name":"us184.jpg"}},{"id":63,"license":1,"file_name":"us194_jpg.rf.03036bc61df58a41952c339622cd2d47.jpg","height":101,"width":119,"date_captured":"2025-05-30T01:48:29+00:00","extra":{"name":"us194.jpg"}},{"id":64,"license":1,"file_name":"us250_jpg.rf.2472a49983ce718c6053c0508567ecc3.jpg","height":99,"width":139,"date_captured":"2025-05-30T01:48:29+00:00","extra":{"name":"us250.jpg"}},{"id":65,"license":1,"file_name":"us142_jpg.rf.2187947e6f7842e76d982b73c1353e37.jpg","height":91,"width":97,"date_captured":"2025-05-30T01:48:29+00:00","extra":{"name":"us142.jpg"}},{"id":66,"license":1,"file_name":"us137_jpg.rf.92e4bbc932d1172a8cfc05698f1723cd.jpg","height":91,"width":111,"date_captured":"2025-05-30T01:48:29+00:00","extra":{"name":"us137.jpg"}},{"id":67,"license":1,"file_name":"us248_jpg.rf.9b1085816c374ce378ef92d7b32d8212.jpg","height":99,"width":139,"date_captured":"2025-05-30T01:48:29+00:00","extra":{"name":"us248.jpg"}},{"id":68,"license":1,"file_name":"us135_jpg.rf.a5ce5928e88aa4d2630759ed160df55e.jpg","height":131,"width":185,"date_captured":"2025-05-30T01:48:29+00:00","extra":{"name":"us135.jpg"}},{"id":69,"license":1,"file_name":"us147_jpg.rf.d42e60ed00dab06c4aee403e0ab58148.jpg","height":93,"width":163,"date_captured":"2025-05-30T01:48:29+00:00","extra":{"name":"us147.jpg"}},{"id":70,"license":1,"file_name":"us148_jpg.rf.b9d053fa8c9b5b4c08e33610cc9227d2.jpg","height":93,"width":163,"date_captured":"2025-05-30T01:48:29+00:00","extra":{"name":"us148.jpg"}},{"id":71,"license":1,"file_name":"us166_jpg.rf.f1cb149ca17c850023d40fd724c89e51.jpg","height":77,"width":95,"date_captured":"2025-05-30T01:48:29+00:00","extra":{"name":"us166.jpg"}},{"id":72,"license":1,"file_name":"us155_jpg.rf.53577e7aaf6b2db29faddaa75ae15120.jpg","height":97,"width":189,"date_captured":"2025-05-30T01:48:29+00:00","extra":{"name":"us155.jpg"}},{"id":73,"license":1,"file_name":"us199_jpg.rf.04703f8bdc89a3296f2e8410cf9a291b.jpg","height":83,"width":169,"date_captured":"2025-05-30T01:48:29+00:00","extra":{"name":"us199.jpg"}},{"id":74,"license":1,"file_name":"us214_jpg.rf.6c7865b7755d3ec5a043ad633ef95f65.jpg","height":99,"width":149,"date_captured":"2025-05-30T01:48:29+00:00","extra":{"name":"us214.jpg"}},{"id":75,"license":1,"file_name":"us170_jpg.rf.66e0f8d8982294177f8743db4be1074b.jpg","height":77,"width":95,"date_captured":"2025-05-30T01:48:29+00:00","extra":{"name":"us170.jpg"}},{"id":76,"license":1,"file_name":"us141_jpg.rf.da06cc9830785b60e40e62fb45e55a99.jpg","height":91,"width":97,"date_captured":"2025-05-30T01:48:29+00:00","extra":{"name":"us141.jpg"}},{"id":77,"license":1,"file_name":"us181_jpg.rf.e2e25202b9917d764a25f74c27f45607.jpg","height":115,"width":121,"date_captured":"2025-05-30T01:48:29+00:00","extra":{"name":"us181.jpg"}},{"id":78,"license":1,"file_name":"us217_jpg.rf.b9ce56a373e0939b9ff9ec819608f9f6.jpg","height":99,"width":139,"date_captured":"2025-05-30T01:48:29+00:00","extra":{"name":"us217.jpg"}},{"id":79,"license":1,"file_name":"us114_jpg.rf.bf72a61972bcef2f235eb905380ba115.jpg","height":121,"width":163,"date_captured":"2025-05-30T01:48:29+00:00","extra":{"name":"us114.jpg"}},{"id":80,"license":1,"file_name":"us143_jpg.rf.96e4e9305b3bc531c0c8158ed6c3e94d.jpg","height":91,"width":97,"date_captured":"2025-05-30T01:48:29+00:00","extra":{"name":"us143.jpg"}},{"id":81,"license":1,"file_name":"us204_jpg.rf.902a8119b00624230ca2e2d7846be343.jpg","height":99,"width":155,"date_captured":"2025-05-30T01:48:29+00:00","extra":{"name":"us204.jpg"}},{"id":82,"license":1,"file_name":"us202_jpg.rf.ac6bab7a9ffc05432f33741b893c5be5.jpg","height":99,"width":155,"date_captured":"2025-05-30T01:48:29+00:00","extra":{"name":"us202.jpg"}},{"id":83,"license":1,"file_name":"us121_jpg.rf.d9c73f063688ac2172a479f6a769bde5.jpg","height":161,"width":199,"date_captured":"2025-05-30T01:48:29+00:00","extra":{"name":"us121.jpg"}},{"id":84,"license":1,"file_name":"us219_jpg.rf.077c453f938aad97c1f5c36cb5d1cda0.jpg","height":99,"width":139,"date_captured":"2025-05-30T01:48:29+00:00","extra":{"name":"us219.jpg"}},{"id":85,"license":1,"file_name":"us244_jpg.rf.16eb41f47c077a8d594a867b28b3e9ce.jpg","height":91,"width":119,"date_captured":"2025-05-30T01:48:29+00:00","extra":{"name":"us244.jpg"}},{"id":86,"license":1,"file_name":"us171_jpg.rf.bfcd045a7f11570681f29c2a10026723.jpg","height":77,"width":191,"date_captured":"2025-05-30T01:48:29+00:00","extra":{"name":"us171.jpg"}},{"id":87,"license":1,"file_name":"us178_jpg.rf.a3269efb5566a906eebdc82ae74c0b8d.jpg","height":137,"width":145,"date_captured":"2025-05-30T01:48:29+00:00","extra":{"name":"us178.jpg"}},{"id":88,"license":1,"file_name":"us218_jpg.rf.c97b7ac889da6a554f18f3f1acdfa91a.jpg","height":99,"width":139,"date_captured":"2025-05-30T01:48:29+00:00","extra":{"name":"us218.jpg"}},{"id":89,"license":1,"file_name":"us207_jpg.rf.5ea4a42a3a54918c23effc0e4a083ad3.jpg","height":111,"width":163,"date_captured":"2025-05-30T01:48:29+00:00","extra":{"name":"us207.jpg"}},{"id":90,"license":1,"file_name":"us159_jpg.rf.9d1773ccd6e197d538e84988cb2a8410.jpg","height":159,"width":199,"date_captured":"2025-05-30T01:48:29+00:00","extra":{"name":"us159.jpg"}},{"id":91,"license":1,"file_name":"us237_jpg.rf.314dee922b71df5dc994a17a3770c561.jpg","height":99,"width":143,"date_captured":"2025-05-30T01:48:29+00:00","extra":{"name":"us237.jpg"}},{"id":92,"license":1,"file_name":"us161_jpg.rf.83f33b92251e6f0011293fc6c94d033a.jpg","height":147,"width":183,"date_captured":"2025-05-30T01:48:29+00:00","extra":{"name":"us161.jpg"}},{"id":93,"license":1,"file_name":"us231_jpg.rf.f2d1ebeed8569f62a2c78b7f87d8a62c.jpg","height":159,"width":169,"date_captured":"2025-05-30T01:48:29+00:00","extra":{"name":"us231.jpg"}},{"id":94,"license":1,"file_name":"us239_jpg.rf.74163b2365bf7da49468c8efdeff2799.jpg","height":99,"width":143,"date_captured":"2025-05-30T01:48:29+00:00","extra":{"name":"us239.jpg"}},{"id":95,"license":1,"file_name":"us115_jpg.rf.df7e2886be28727e56fab1e9181fddfe.jpg","height":121,"width":163,"date_captured":"2025-05-30T01:48:29+00:00","extra":{"name":"us115.jpg"}},{"id":96,"license":1,"file_name":"us102_jpg.rf.5f38c1cda22db2ea357a49a44883ca2a.jpg","height":113,"width":137,"date_captured":"2025-05-30T01:48:29+00:00","extra":{"name":"us102.jpg"}},{"id":97,"license":1,"file_name":"us243_jpg.rf.f7a0ceeac2807b53960246936e7e565c.jpg","height":91,"width":119,"date_captured":"2025-05-30T01:48:29+00:00","extra":{"name":"us243.jpg"}},{"id":98,"license":1,"file_name":"us225_jpg.rf.22b035c345d70db47af95a7a8ae781aa.jpg","height":123,"width":163,"date_captured":"2025-05-30T01:48:29+00:00","extra":{"name":"us225.jpg"}},{"id":99,"license":1,"file_name":"us226_jpg.rf.a53809c1a53a5e09664441382c768923.jpg","height":131,"width":153,"date_captured":"2025-05-30T01:48:29+00:00","extra":{"name":"us226.jpg"}},{"id":100,"license":1,"file_name":"us162_jpg.rf.7b2140bdf3b57cbd434ad74bb018de01.jpg","height":147,"width":183,"date_captured":"2025-05-30T01:48:29+00:00","extra":{"name":"us162.jpg"}},{"id":101,"license":1,"file_name":"us221_jpg.rf.d4e88e0efeba0bcadf9b63163eff5a89.jpg","height":123,"width":163,"date_captured":"2025-05-30T01:48:29+00:00","extra":{"name":"us221.jpg"}},{"id":102,"license":1,"file_name":"us186_jpg.rf.266a8c9f1bb42a5293912bf609f45239.jpg","height":107,"width":143,"date_captured":"2025-05-30T01:48:29+00:00","extra":{"name":"us186.jpg"}},{"id":103,"license":1,"file_name":"us183_jpg.rf.285dd3a4a00165def5d67941d77f50ce.jpg","height":115,"width":121,"date_captured":"2025-05-30T01:48:29+00:00","extra":{"name":"us183.jpg"}},{"id":104,"license":1,"file_name":"us242_jpg.rf.4318c8de88bdc53c651f28406f5177d1.jpg","height":91,"width":119,"date_captured":"2025-05-30T01:48:29+00:00","extra":{"name":"us242.jpg"}},{"id":105,"license":1,"file_name":"us111_jpg.rf.3a6d36ef4ef7dc8f2075037429a9cd48.jpg","height":121,"width":163,"date_captured":"2025-05-30T01:48:29+00:00","extra":{"name":"us111.jpg"}},{"id":106,"license":1,"file_name":"us240_jpg.rf.9fc56e8dc74b4eab36fbb18c0641b409.jpg","height":99,"width":143,"date_captured":"2025-05-30T01:48:29+00:00","extra":{"name":"us240.jpg"}},{"id":107,"license":1,"file_name":"us149_jpg.rf.c6bf42fe82b193d645bb35909679c048.jpg","height":93,"width":163,"date_captured":"2025-05-30T01:48:29+00:00","extra":{"name":"us149.jpg"}},{"id":108,"license":1,"file_name":"us193_jpg.rf.d7d79ff7fda222849a620a0fb89f51ca.jpg","height":101,"width":119,"date_captured":"2025-05-30T01:48:29+00:00","extra":{"name":"us193.jpg"}},{"id":109,"license":1,"file_name":"us233_jpg.rf.43bbeb32d2d81b0ed40e9be0454b2c32.jpg","height":159,"width":169,"date_captured":"2025-05-30T01:48:29+00:00","extra":{"name":"us233.jpg"}},{"id":110,"license":1,"file_name":"us164_jpg.rf.3ac5e126a0f496db7c703ed60b0c977c.jpg","height":147,"width":183,"date_captured":"2025-05-30T01:48:29+00:00","extra":{"name":"us164.jpg"}},{"id":111,"license":1,"file_name":"us210_jpg.rf.5477795a263ecd6d5e23fb437409844c.jpg","height":111,"width":163,"date_captured":"2025-05-30T01:48:29+00:00","extra":{"name":"us210.jpg"}},{"id":112,"license":1,"file_name":"us179_jpg.rf.9bbfbcf9e300504bbfcb071ed28c16d5.jpg","height":137,"width":145,"date_captured":"2025-05-30T01:48:29+00:00","extra":{"name":"us179.jpg"}},{"id":113,"license":1,"file_name":"us128_jpg.rf.c84e817584ad033ecc807eb2cc522a10.jpg","height":91,"width":121,"date_captured":"2025-05-30T01:48:29+00:00","extra":{"name":"us128.jpg"}},{"id":114,"license":1,"file_name":"us172_jpg.rf.6d6a812304be6a314e221be7d974065e.jpg","height":77,"width":191,"date_captured":"2025-05-30T01:48:29+00:00","extra":{"name":"us172.jpg"}},{"id":115,"license":1,"file_name":"us136_jpg.rf.2d04ebb00e7d710d88c386438830dfc9.jpg","height":91,"width":111,"date_captured":"2025-05-30T01:48:29+00:00","extra":{"name":"us136.jpg"}},{"id":116,"license":1,"file_name":"us122_jpg.rf.a5c45f0509a2cb11f837806849bb1fc1.jpg","height":161,"width":199,"date_captured":"2025-05-30T01:48:29+00:00","extra":{"name":"us122.jpg"}},{"id":117,"license":1,"file_name":"us234_jpg.rf.123550d72b26654bfd957800eb20a29b.jpg","height":159,"width":169,"date_captured":"2025-05-30T01:48:29+00:00","extra":{"name":"us234.jpg"}},{"id":118,"license":1,"file_name":"us151_jpg.rf.84cded00a7a10eca575454a729faefc1.jpg","height":97,"width":189,"date_captured":"2025-05-30T01:48:29+00:00","extra":{"name":"us151.jpg"}},{"id":119,"license":1,"file_name":"us191_jpg.rf.c74c26efb954d3ad04b3c8f5696b57b6.jpg","height":101,"width":119,"date_captured":"2025-05-30T01:48:29+00:00","extra":{"name":"us191.jpg"}},{"id":120,"license":1,"file_name":"us198_jpg.rf.a9ad9eabf0f245050a2a777859f56bdf.jpg","height":83,"width":169,"date_captured":"2025-05-30T01:48:29+00:00","extra":{"name":"us198.jpg"}},{"id":121,"license":1,"file_name":"us236_jpg.rf.4b641cb19c243eb631462b652beac625.jpg","height":99,"width":143,"date_captured":"2025-05-30T01:48:29+00:00","extra":{"name":"us236.jpg"}},{"id":122,"license":1,"file_name":"us120_jpg.rf.aa1d4d1e8e1917a7685e348371f0eab6.jpg","height":131,"width":153,"date_captured":"2025-05-30T01:48:29+00:00","extra":{"name":"us120.jpg"}},{"id":123,"license":1,"file_name":"us201_jpg.rf.f0b23b11d0d9455d2a6088d0eb49d4e3.jpg","height":99,"width":155,"date_captured":"2025-05-30T01:48:29+00:00","extra":{"name":"us201.jpg"}},{"id":124,"license":1,"file_name":"us112_jpg.rf.161cc6be77b20cff51f1c7d7f35df9a8.jpg","height":121,"width":163,"date_captured":"2025-05-30T01:48:29+00:00","extra":{"name":"us112.jpg"}},{"id":125,"license":1,"file_name":"us113_jpg.rf.11ad87a97abf1aadfeee8aca71be4bc5.jpg","height":121,"width":163,"date_captured":"2025-05-30T01:48:29+00:00","extra":{"name":"us113.jpg"}},{"id":126,"license":1,"file_name":"us192_jpg.rf.7f299684477d1281974804afab017805.jpg","height":101,"width":119,"date_captured":"2025-05-30T01:48:29+00:00","extra":{"name":"us192.jpg"}},{"id":127,"license":1,"file_name":"us169_jpg.rf.12b7ea659c367fcd1cdaa6f2f08b90a8.jpg","height":77,"width":95,"date_captured":"2025-05-30T01:48:29+00:00","extra":{"name":"us169.jpg"}},{"id":128,"license":1,"file_name":"us103_jpg.rf.9667f9dc1fb08ba35ab4f78db2bea62c.jpg","height":113,"width":137,"date_captured":"2025-05-30T01:48:29+00:00","extra":{"name":"us103.jpg"}},{"id":129,"license":1,"file_name":"us123_jpg.rf.1dd3e4199e03363d9a57373cdc2f3522.jpg","height":161,"width":199,"date_captured":"2025-05-30T01:48:29+00:00","extra":{"name":"us123.jpg"}},{"id":130,"license":1,"file_name":"us108_jpg.rf.36e0f09e48a0ab3cc141d85f2d92315d.jpg","height":99,"width":177,"date_captured":"2025-05-30T01:48:29+00:00","extra":{"name":"us108.jpg"}},{"id":131,"license":1,"file_name":"us185_jpg.rf.0e64bc421fcc9fe5f34285b8f9b2e797.jpg","height":115,"width":121,"date_captured":"2025-05-30T01:48:29+00:00","extra":{"name":"us185.jpg"}},{"id":132,"license":1,"file_name":"us118_jpg.rf.baca9f50e487e3c751373d3141bb774e.jpg","height":131,"width":153,"date_captured":"2025-05-30T01:48:29+00:00","extra":{"name":"us118.jpg"}},{"id":133,"license":1,"file_name":"us230_jpg.rf.5486557d851faeb92a5ad588483e0eec.jpg","height":131,"width":153,"date_captured":"2025-05-30T01:48:29+00:00","extra":{"name":"us230.jpg"}},{"id":134,"license":1,"file_name":"us176_jpg.rf.3bb9fec17a5ae53e308b800570ad0840.jpg","height":137,"width":145,"date_captured":"2025-05-30T01:48:29+00:00","extra":{"name":"us176.jpg"}},{"id":135,"license":1,"file_name":"us241_jpg.rf.081c79512aaa7046f50f7177603cdaf0.jpg","height":91,"width":119,"date_captured":"2025-05-30T01:48:29+00:00","extra":{"name":"us241.jpg"}},{"id":136,"license":1,"file_name":"us156_jpg.rf.f30a19f79fd511845f5facc9eb05652c.jpg","height":159,"width":199,"date_captured":"2025-05-30T01:48:29+00:00","extra":{"name":"us156.jpg"}},{"id":137,"license":1,"file_name":"us208_jpg.rf.c8e7eb5fea445d1605a354556e58c0c6.jpg","height":111,"width":163,"date_captured":"2025-05-30T01:48:29+00:00","extra":{"name":"us208.jpg"}},{"id":138,"license":1,"file_name":"us154_jpg.rf.246b9ee7b7c2c2e368a9ed05b90ebdef.jpg","height":97,"width":189,"date_captured":"2025-05-30T01:48:29+00:00","extra":{"name":"us154.jpg"}},{"id":139,"license":1,"file_name":"us190_jpg.rf.6bd7c7afd4a2ff470c51fe530e69cf01.jpg","height":107,"width":143,"date_captured":"2025-05-30T01:48:29+00:00","extra":{"name":"us190.jpg"}},{"id":140,"license":1,"file_name":"us106_jpg.rf.9e5978f87ce31cc6cc2a12904594004c.jpg","height":99,"width":177,"date_captured":"2025-05-30T01:48:29+00:00","extra":{"name":"us106.jpg"}},{"id":141,"license":1,"file_name":"us247_jpg.rf.ecb5f9faf85dd38517c4d44681488a07.jpg","height":99,"width":139,"date_captured":"2025-05-30T01:48:29+00:00","extra":{"name":"us247.jpg"}},{"id":142,"license":1,"file_name":"us220_jpg.rf.db4452cb812391159b6c886ebdcca055.jpg","height":99,"width":139,"date_captured":"2025-05-30T01:48:29+00:00","extra":{"name":"us220.jpg"}},{"id":143,"license":1,"file_name":"us144_jpg.rf.1a1ab39c3683aae7296f7492bf67c952.jpg","height":91,"width":97,"date_captured":"2025-05-30T01:48:29+00:00","extra":{"name":"us144.jpg"}},{"id":144,"license":1,"file_name":"us101_jpg.rf.21282ce419539a8b8432ff371201ae79.jpg","height":113,"width":137,"date_captured":"2025-05-30T01:48:29+00:00","extra":{"name":"us101.jpg"}},{"id":145,"license":1,"file_name":"us157_jpg.rf.39fe6701f9a302f0a1664eb80b709b33.jpg","height":159,"width":199,"date_captured":"2025-05-30T01:48:29+00:00","extra":{"name":"us157.jpg"}},{"id":146,"license":1,"file_name":"us163_jpg.rf.c1ea332f3d4e3e28c9d97e839f2cd6b0.jpg","height":147,"width":183,"date_captured":"2025-05-30T01:48:29+00:00","extra":{"name":"us163.jpg"}},{"id":147,"license":1,"file_name":"us223_jpg.rf.cd6aabecc9db40788292bcd263b8978e.jpg","height":123,"width":163,"date_captured":"2025-05-30T01:48:29+00:00","extra":{"name":"us223.jpg"}},{"id":148,"license":1,"file_name":"us187_jpg.rf.4d42089a4d3750305d133b3ffd2e9d81.jpg","height":107,"width":143,"date_captured":"2025-05-30T01:48:29+00:00","extra":{"name":"us187.jpg"}},{"id":149,"license":1,"file_name":"us222_jpg.rf.2c8590475b1d389533154efa89c1e58e.jpg","height":123,"width":163,"date_captured":"2025-05-30T01:48:29+00:00","extra":{"name":"us222.jpg"}}],"annotations":[{"id":0,"image_id":0,"category_id":1,"bbox":[42,21,84,61],"area":5124,"segmentation":[[43,62,42,70,45,78,89,82,97,82,103,79,119,79,122,75,122,70,126,67,123,57,125,56,122,54,122,32,103,25,81,23,77,21,69,34,58,37,57,41,59,47,52,54,46,56]],"iscrowd":0},{"id":1,"image_id":1,"category_id":1,"bbox":[31,19,93,101],"area":9393,"segmentation":[[32,54,31,83,34,85,32,94,36,100,48,105,73,104,78,118,83,120,101,117,109,112,119,112,124,106,124,74,119,43,106,39,94,24,75,19,56,21,47,29]],"iscrowd":0},{"id":2,"image_id":2,"category_id":1,"bbox":[28,22,106,59.91],"area":6350.449,"segmentation":[[30,44,35,51,35,55,28,61,28,64,33,69,47,75,64.218,81.91,68.873,79.727,68.582,72.886,78,70,103,61,111,64,114,61,114,56,134,38,133,31,128,24,105,25,83,22,78,24,60,24,49,28,35,36]],"iscrowd":0},{"id":3,"image_id":3,"category_id":1,"bbox":[49,26,80,31],"area":2480,"segmentation":[[52,44,52,50,49,51,49,53,66,53,71,54,73,57,99,57,110,55,119,48,122,43,129,40,129,34,118,28,110,28,106,26,84,26,83,28,76,31,65,34,57,42,54,42]],"iscrowd":0},{"id":4,"image_id":4,"category_id":1,"bbox":[53,15,95,98],"area":9310,"segmentation":[[82,17,78,25,53,46,54,93,56,97,79,102,99,100,112,110,134,113,146,96,145,77,148,51,143.561,41.986,136.732,38.472,129.317,38.667,123.463,36.91,119,19,107,15]],"iscrowd":0},{"id":5,"image_id":5,"category_id":1,"bbox":[45,21,93,40],"area":3720,"segmentation":[[50,32,45,41,47,51,68,53,73,58,86,61,95,61,101,58,112,58,120,55,124,49,138,38,117,24,101,21,90,21,83,24,71,22,63,25,55,32]],"iscrowd":0},{"id":6,"image_id":6,"category_id":1,"bbox":[35,28,116,46],"area":5336,"segmentation":[[36,43,35,48,39,55,38,59,41,58,43,61,52,62,54,68,86,66,92,74,116,74,126,70,136,71,138,70,137,66,151,52,148,47,139,44,128,45,114,37,105,37,104,40,93,41,89,37,77,37,60,28,53,28,48,31]],"iscrowd":0},{"id":7,"image_id":7,"category_id":1,"bbox":[13,12,67,48],"area":3216,"segmentation":[[26,19,25,32,13,46,14,53,45,58,48,60,60,60,65,58,77,57,78,44,80,39,78,35,71,35,68,22,71,19,71,16,69,14,56,12,47,15,30,15]],"iscrowd":0},{"id":8,"image_id":8,"category_id":1,"bbox":[30,14,41,45.055],"area":1847.251,"segmentation":[[32.8,22.191,32,31,30,33,31.086,36.256,34.514,36.942,38.286,36.142,41.714,36.942,41.143,40.487,41,44,41,46,41.714,48.949,42.286,54.209,48.114,51.007,49.257,56.725,56.571,58.669,63.543,56.611,63.886,52.151,68,50,70,48,71,28,69,27,68,24,62.057,20.59,56.229,18.874,52.8,19.217,52.229,14.872,48.686,13.614,45.143,13.843,40.914,15.329,38,19,36.114,21.161]],"iscrowd":0},{"id":9,"image_id":9,"category_id":1,"bbox":[39,8,83,61],"area":5063,"segmentation":[[41,35,39,41,39,53,57,58,62,64,73,68,86,69,95,64,106,62,114,54,122,53,120,29,112,14,107,11,92,8,59,11,56,13,54,19,48,21,49,28]],"iscrowd":0},{"id":10,"image_id":10,"category_id":1,"bbox":[28,15,56.407,63],"area":3553.628,"segmentation":[[31,40,27.831,52.614,31,70,33,71,33,75,35,77,54,78,62,72,76,71,78,68,70.271,61.433,70.542,51.529,72.712,45.559,84.237,47.052,84,43,84,34,83,27,80,26,77,19,71,19,68,17,57,15,53,20,48,20,33,29]],"iscrowd":0},{"id":11,"image_id":11,"category_id":1,"bbox":[27,21,94,101],"area":9494,"segmentation":[[30,58,27,90,30,94,30,100,36,100,44,105,72,108,77,117,85,122,113,114,120,106,120,86,117,78,121,65,120,48,114,39,95,37,95,32,90,26,79,21,59,23,55,26,49,41,32,48]],"iscrowd":0},{"id":12,"image_id":12,"category_id":1,"bbox":[19,13,89,54],"area":4806,"segmentation":[[20,33,19,44,29,48,29,54,80,67,105,54,108,45,102,30,96,24,88,22,85,19,75,19,60,13,45,13,43,17,40,17,39,22,31,27,25,28]],"iscrowd":0},{"id":13,"image_id":13,"category_id":1,"bbox":[27,29,38,32],"area":1216,"segmentation":[[28,37,27,44,28,45,28,48,30,49,32,53,39,53,44,55,46,59,46,61,60,61,65,59,63,55,63,48,64,46,62,43,62,40,63,39,65,39,63,36,65,33,56,30,51,30,50,29,45,30,44,31,37,29,31,30,30,32,31,34]],"iscrowd":0},{"id":14,"image_id":14,"category_id":1,"bbox":[23,18,91,47],"area":4277,"segmentation":[[33,25,23,35,25,39,24,48,38,62,60,65,90,65,103,63,106,50,111,49,114,46,114,39,111,36,108,36,106,32,98,31,95,28,92,29,84,22,73,18,54,18,51,20,40,21]],"iscrowd":0},{"id":15,"image_id":15,"category_id":1,"bbox":[43,17,82,65],"area":5330,"segmentation":[[46,47,47,60,43,68,47,77,79,82,103,82,118,77,124,64,125,58,120,36,112,36,105,33,98,20,92,17,75,21,69,30,57,37,55,41,56,44,52,48]],"iscrowd":0},{"id":16,"image_id":16,"category_id":1,"bbox":[35,19,92,63],"area":5796,"segmentation":[[35,62,35,75,52,80,71,79,97,82,103,79,117,78,121,76,127,67,127,54,122,47,122,28,95,19,77,19,70,28,53,33,54,35,50,40,44,42,39,47,39,54]],"iscrowd":0},{"id":17,"image_id":17,"category_id":1,"bbox":[45,18,82,64],"area":5248,"segmentation":[[46,53,47,61,45,66,47,69,47,77,59,80,81,82,113,80,119,76,127,64,117,30,101,26,98,19,87,18,73,21,53,38,58,48]],"iscrowd":0},{"id":18,"image_id":18,"category_id":1,"bbox":[11,10,69,50],"area":3450,"segmentation":[[25,15,25,25,18,42,11,47,12,51,27,55,41,56,49,60,71,58,78,55,78,49,80,45,78,43,78,24,76,22,76,17,70,17,67,12,60,12,56,10,52,10,49,12,31,11,29,14]],"iscrowd":0},{"id":19,"image_id":19,"category_id":1,"bbox":[23,17,62,59],"area":3658,"segmentation":[[25,44,27,58,24,60,23,64,25,68,29,69,34,74,53,76,63,71,74,71,77,67,72,63,71,54,77,45,82,45,85,42,85,29,76,19,70,17,54,17,49,21,38,25,28,36]],"iscrowd":0},{"id":20,"image_id":20,"category_id":1,"bbox":[26,19,94,52],"area":4888,"segmentation":[[27,44,26,52,28,60,30,61,48,60,50,62,55,62,57,68,61,71,91,71,94,68,95,62,103,55,111,52,120,42,120,39,109,28,101,24,76,19,59,20,56.448,25.574,56.724,32.06,61,33.993,66.793,33.993,61.966,37.443,53,38,39,37]],"iscrowd":0},{"id":21,"image_id":21,"category_id":1,"bbox":[26,22,59,65],"area":3835,"segmentation":[[28,48,26,67,27,71,32,71,43,78,72,87,82,84,85,76,85,64,84,36,80,25,65,22,54,23,34,36]],"iscrowd":0},{"id":22,"image_id":22,"category_id":1,"bbox":[54,15,96,95],"area":9120,"segmentation":[[78,21,74,31,72.927,38.862,67.073,42.572,59.268,41.596,54,45,56,93,70,100,98,100,114,106,117,110,136,110,146,107,150,101,146,98,150,93,147,91,144,79,146,60,143,44,134,36,127,36,119,22,108,15,87,16]],"iscrowd":0},{"id":23,"image_id":23,"category_id":1,"bbox":[52,15,92,92],"area":8464,"segmentation":[[52,47,56,64.5,56,71,53,73,56,96,84,102,99,100,121,107,133,106,138,102,144,55,142,44,133,36,130,36,127,40,121,38,120,26,116,20,99,15,85,17,75,27,71,38,65,38]],"iscrowd":0},{"id":24,"image_id":24,"category_id":1,"bbox":[28,13,74,77],"area":5698,"segmentation":[[30,31,28,34,30,42,37,50,38,64,46,69,45,80,47,85,56,90,70,90,72,86,88,74,92,64,90,56,94,54,95,50,102,42,102,33,91,17,87,19,77,13,65,15,52,22,39,25]],"iscrowd":0},{"id":25,"image_id":25,"category_id":1,"bbox":[30,15,73,77],"area":5621,"segmentation":[[30,37,30,47,32,49,38,49,42,59,44,73,52,83,57,84,64,91,71,90,72,92,75,92,84,88,89,81,89,76,96,61,94,51,100,49,103,43,102,38,98,33,83,23,81,19,72,18,68,23,65,23,62,22,57,15,53,15,52,18,48,19,47,24,39,26,32,32]],"iscrowd":0},{"id":26,"image_id":26,"category_id":1,"bbox":[20,23,84,48],"area":4032,"segmentation":[[43,25,25,39,20,40,22,45,20,52,32,64,54,69,82,71,83,69,90,69,98,64,98,59,104,55,103,43,101,43,82,25,69,23]],"iscrowd":0},{"id":27,"image_id":27,"category_id":1,"bbox":[29,12,52,64],"area":3328,"segmentation":[[33,24,33,30,29,37,29,69,43,75,51,76,54,76,63,71,71,72,76,70,74,61,80,59,76,54,77,48,80,47,81,32,74,21,75,19,61,14,60,12,56,12,49,14,43,20]],"iscrowd":0},{"id":28,"image_id":28,"category_id":1,"bbox":[29,15,41,39],"area":1599,"segmentation":[[31,16,29,18,30,34,33,36,39,36,46,51,50,53,61,54,61,52,63,50,68,50,68,44,70,42,70,39,69,38,69,32,70,31,65,23,44,15]],"iscrowd":0},{"id":29,"image_id":29,"category_id":1,"bbox":[48,44,109,78],"area":8502,"segmentation":[[50,93,48,108,52,116,70,122,85,117,91,117,92,119,98,114,122,110,146,111,157,108,156,104,150,103,143,97,140,87,140,63,137,57,128,48,127,50,109,44,67,45,61,53,57,54,58,61,55,64,56,85]],"iscrowd":0},{"id":30,"image_id":30,"category_id":1,"bbox":[42,18,92.873,45.724],"area":4246.493,"segmentation":[[49.636,41.893,42,42,43,45,50,52,59,55,68,54,71,61,78,59,81,62,96.618,63.724,116.836,61.541,133.127,56.447,134.873,52.081,133.127,49.752,126.291,50.043,120.182,49.752,119,46,124,41,129,40,126,33,119,27,115,27,114,24,90,21,84,18,81,20,72,20,68,24,56.764,24.574,54.291,27.63,55.6,31.851,60.255,34.761,62.873,37.09,62.727,38.691,57.2,42.766]],"iscrowd":0},{"id":31,"image_id":31,"category_id":1,"bbox":[37,33,115.691,40],"area":4627.636,"segmentation":[[38,43,37,48,39,50,37,55,40,57,39,61,42,62,43,67,93,73,132.909,72.741,138.291,59.351,152.691,54.548,149.636,48.436,140.036,46.544,134.218,43.196,124.909,45.816,117,37,102.218,40.868,93,40,86,33,71,35,65,33,48,34,44,35]],"iscrowd":0},{"id":32,"image_id":32,"category_id":1,"bbox":[14,19,71,51],"area":3621,"segmentation":[[29,29,23.057,39.994,14,42.712,15.811,47.696,25,49,23,65,24,68,34,67,37,69,42,66,52,70,65,70,72,69,80,65,78,62,78,57,80,55,82,46,85,43,85,37,81,32,75,29,71,23,56,22,48,19,38,24,37,28]],"iscrowd":0},{"id":33,"image_id":33,"category_id":1,"bbox":[22,17,92,48],"area":4416,"segmentation":[[23,36,22,50,31,53,39,62,60,65,90,65,105,63,114,46,114,38,106,27,88,24,84,22,84,20,74,17,37,18,33,21,31,28,26,35]],"iscrowd":0},{"id":34,"image_id":34,"category_id":1,"bbox":[29,11,58,61],"area":3538,"segmentation":[[34,34,32,50,29,57,32,64,40,60,49,69,75,69,76,71,84,72,84,56,87,54,87,30,82,21,82,17,80,16,79,11,78,13,65,13,65,15,60,16,60,14,58,13,47,13,43,15,37,21,37,28]],"iscrowd":0},{"id":35,"image_id":35,"category_id":1,"bbox":[21,21,84,52],"area":4368,"segmentation":[[22,42,21,51,34,58,36,61,42,62,55,70,61,70,62,72,72,71,81,73,92,68,105,53,104,44,97,31,87,27,68,25,62,21,45,21,46,24,36,28,36,30,33,33,32,32,30,36,25,37]],"iscrowd":0},{"id":36,"image_id":36,"category_id":1,"bbox":[51,14,77,44],"area":3388,"segmentation":[[53,29,51,38,56,48,60,51,75,53,81,58,116,56,124,47,128,35,125,26,118,20,106,17,91,16,87,14,75,14,61,19,59,20,57,26]],"iscrowd":0},{"id":37,"image_id":37,"category_id":1,"bbox":[36,11,101,59],"area":5959,"segmentation":[[37,40,36,45,41,52,42,60,43.061,63.678,51.551,59.921,60,63,65,68,90,70,95,66,105,63,126,68,137,58,130,32,108,13,99,11,61,15,58,17,58,25,44,32]],"iscrowd":0},{"id":38,"image_id":38,"category_id":1,"bbox":[35,35,87.873,38],"area":3339.163,"segmentation":[[38,41,35,44,37,54,41,58,43,65,46,67,92,73,106,73,113.418,70.267,107.6,69.685,104.836,67.21,114.291,62.116,120.255,54.985,122.873,49.018,117,41,116,38,100,41,88,41,81,45,76,38,71,38,66,35,57,35,49,38,45,37]],"iscrowd":0},{"id":39,"image_id":39,"category_id":1,"bbox":[50,14,77,44],"area":3388,"segmentation":[[54,25,50,31,51,41,53,45,60,51,74,53,81,58,114,56,118,54,124,47,127,36,127,29,121,22,116,19,104,16,88,14,69,15,60,19]],"iscrowd":0},{"id":40,"image_id":40,"category_id":1,"bbox":[54,38,99,85],"area":8415,"segmentation":[[59,50,59,76,62,77,62,82,55,86,54,93,57,110,61,118,86,123,101,119,104,115,153,110,153,103,146,95,141,73,142,63,126,51,96,38,75,40]],"iscrowd":0},{"id":41,"image_id":41,"category_id":1,"bbox":[71,41,56,84],"area":4704,"segmentation":[[81,52,81,57,79,59,80,69,71,86,72,96,75,103,78,105,80,112,100,125,121,123,126,116,127,106,115,72,116,69,110,65,105,53,107,47,104,45,101,46,98,41,95,41]],"iscrowd":0},{"id":42,"image_id":42,"category_id":1,"bbox":[18,9,66,51],"area":3366,"segmentation":[[19,31,18,33,21,36,25,55,28,58,51,57,67,60,68,58,73,58,78,55,78,48,72,42,73,40,80,39,84,30,84,26,82,23,76,20,73,13,50,9,46,10,41,15,30,18,28,23,29,26,24,31]],"iscrowd":0},{"id":43,"image_id":43,"category_id":1,"bbox":[25,13,61,59],"area":3599,"segmentation":[[28,44,25,62,27,70,32,71,32,67,36,64,42,65,46,69,55,68,59,71,82,72,84,69,86,30,84,28,80,13,65,13,65,15,60,16,60,14,58,13,47,13,40,16,37,20,37,28,34,29,34,37,31,43]],"iscrowd":0},{"id":44,"image_id":44,"category_id":1,"bbox":[29,14,58,58],"area":3364,"segmentation":[[33,31,33,54,29,58,33,62,36,62,37,65,63,72,78,71,84,68,86,64,87,53,86,33,79,21,76,21,73,18,67,18,59,14,44,14,41,15,36,21]],"iscrowd":0},{"id":45,"image_id":45,"category_id":1,"bbox":[14,11,64,49],"area":3136,"segmentation":[[14,46,14,53,42,57,50,60,52,58,71,58,76,56,78,43,76,40,76,35,67,27,69,25,68,16,66,15,66,12,31,11,24,17,23.424,30.635,22.61,39.59]],"iscrowd":0},{"id":46,"image_id":46,"category_id":1,"bbox":[54,40,99,79],"area":7821,"segmentation":[[56,41,54,45,63,64,63,76,61,82,55,86,57,93,55,94,58,101,58,110,67,118,81,119,81,115,86,110,100,108,106,111,117,110,128,115,152,109,153,60,147,52,124,49,105,52,89,42,83,45,75,40,69,42]],"iscrowd":0},{"id":47,"image_id":47,"category_id":1,"bbox":[24,61,46,26],"area":1196,"segmentation":[[26,72,24,77,24,83,30,87,32,86,35,86,36,87,60,87,65,85,70,79,70,74,68,72,66,65,55,65,44,61,33,65]],"iscrowd":0},{"id":48,"image_id":48,"category_id":1,"bbox":[30,21,83,48],"area":3984,"segmentation":[[31,44,30,53,34,61,45,60,53,63,55,68,58,69,68,67,89,68,95,62,112,52,113,32,112,29,100,21,74,21,72,23,68,22,60,31,49,36,43,35,38,37,38,39,34,40]],"iscrowd":0},{"id":49,"image_id":49,"category_id":1,"bbox":[24,13,55,64],"area":3520,"segmentation":[[35,19,30,35,26,39,24,39,28,50,28,65,25,66,34,71,53,77,60,72,74,71,76,57,72,55,72,49,78,43,79,35,74,23,72,22,72,18,64,14,53,13,39,16]],"iscrowd":0},{"id":50,"image_id":50,"category_id":1,"bbox":[37,21,89,61],"area":5429,"segmentation":[[40,51,37,62,37,75,52,80,83,82,114,81,122,79,126,70,126,58,120,41,118,38,102,29,100,25,94,21,76,21,67,31,55,35,53,41,54,44,44,46]],"iscrowd":0},{"id":51,"image_id":51,"category_id":1,"bbox":[22,60,44,27],"area":1188,"segmentation":[[23,73,22,79,24,80,25,82,33,83,34,84,39,84,40,87,45,86,48,86,48,87,63,87,66,79,66,71,65,70,65,67,58,62,49,61,48,60,41,62,37,65,25,70]],"iscrowd":0},{"id":52,"image_id":52,"category_id":1,"bbox":[24,13,65,57],"area":3705,"segmentation":[[25,50,24,63,26,65,39,65,41,68,43,67,46,70,84,70,86,67,85,57,89,51,87,47,87,30,82,24,79,13,72,15,50,13,40,16,36,21,37,25,33,28,33,39,30,43,27,44]],"iscrowd":0},{"id":53,"image_id":53,"category_id":1,"bbox":[21,22,87,49],"area":4263,"segmentation":[[22,43,23,49,21,54,29,57,33,61,32,64,54,69,92,71,104,60,108,53,108,47,91,32,81,26,67,22,56,25,43,25,35,30]],"iscrowd":0},{"id":54,"image_id":54,"category_id":1,"bbox":[27,21,61,66],"area":4026,"segmentation":[[28,47,27,70,35,72,42,78,67,86,76,87,83,84,88,71,86,69,85,59,85,37,80,25,65,21,50,24,34,36]],"iscrowd":0},{"id":55,"image_id":55,"category_id":1,"bbox":[16,6,145.591,116],"area":16888.544,"segmentation":[[19,99,23,102,24,111,17,114,16,122,58.682,121.99,59.591,88.334,77.591,93.61,97.227,90.153,115.045,86.878,125.773,79.42,136.136,77.6,143.409,81.966,141.409,94.883,140.136,106.162,132.5,109.073,128.5,114.167,143.227,114.531,142,122,161.591,121.99,160,54,148,37,140,36,128,25,118,9,112,6,93,7,67,33,59,54,45,57,27,80,25,92]],"iscrowd":0},{"id":56,"image_id":56,"category_id":1,"bbox":[28,24,104,53],"area":5512,"segmentation":[[33,33,28,38,29,43,34,48,32,60,28,64,33,70,41,74,61,77,73,75,84,66,111,64,118,43,132,38,131,31,125,27,98,28,90,24,76,24,76,27,62,27,52,31,46,30]],"iscrowd":0},{"id":57,"image_id":57,"category_id":1,"bbox":[44,19,82,63],"area":5166,"segmentation":[[46,53,47,65,44,68,47,77,55,80,79,82,104,82,106,80,114,80,119,76,126,62,117,35,115,37,111,35,109,37,98,22,92,19,75,21,68,32,57,36,54,39,58,48,53,53,48,50]],"iscrowd":0},{"id":58,"image_id":58,"category_id":1,"bbox":[20,18,86,55],"area":4730,"segmentation":[[23,39,23,46,20,48,21,52,24,52,37,62,44,63,53,71,55,69,61,73,81,73,88,68,95,67,106,52,105,44,96,31,93,32,87,27,71,25,59,19,49,18,45,20,44,24,33,25,29,36,24,37]],"iscrowd":0},{"id":59,"image_id":59,"category_id":1,"bbox":[51,16,91,97],"area":8827,"segmentation":[[54,45,51,49,57,60,54,72,57,96,78,101,91,99,104,101,110,111,117,113,133,107,138,102,141,82,140,67,142,66,140,58,142,56,136,37,124,25,107,16,84,17,74,23,74,29,70,35]],"iscrowd":0},{"id":60,"image_id":60,"category_id":1,"bbox":[22,17,92,48.208],"area":4435.136,"segmentation":[[23,34,22,50,24,53,39,62,58,65,90,63,93,57,98,57,101,50,112,48,114,46,112.387,36.029,106.194,30.994,96.129,29.832,88.774,24.409,76.258,17.567,62.065,16.792,48,19,36,24]],"iscrowd":0},{"id":61,"image_id":61,"category_id":1,"bbox":[71,42,70,89],"area":6230,"segmentation":[[81,54,79,68,71,86,77,112,84,113,86,120,99,126,114,129,121,127,128,131,141,128,141,116,136,109,138,105,137,100,124,92,120,81,121,79,117,73,117,66,107,59,108,50,106,45,93,42]],"iscrowd":0},{"id":62,"image_id":62,"category_id":1,"bbox":[26,14,74.957,79],"area":5921.635,"segmentation":[[32.851,31.559,26.043,39.394,28.766,47.569,33,60,36,61,35,67,38,69,39,74,54,86,60,87,60,93,63,90,83,90,84,86,87,84,87,79,89,78,101,42,100,38,85,24,82.213,21.511,78,18,71.489,17.764,64,18,60,14,49,15,44,24,44,28]],"iscrowd":0},{"id":63,"image_id":63,"category_id":1,"bbox":[18,19,65,51],"area":3315,"segmentation":[[19,41,18,45,23,49,20,55,24,59,24,64,27,67,56,68,64,70,76,67,78,65,83,43,83,37,70,24,64,22,55,22,49,19,42,21,36,26,30,28,23,40]],"iscrowd":0},{"id":64,"image_id":64,"category_id":1,"bbox":[23,22,89,49],"area":4361,"segmentation":[[24,43,25,47,23,54,31,61,32,64,40,68,48,67,61,70,92,71,100,63,109,59,112,54,109,47,85,27,71,22,56,23,52,25,44,24,30,34]],"iscrowd":0},{"id":65,"image_id":65,"category_id":1,"bbox":[25,29,41,35],"area":1435,"segmentation":[[26,43,25,47,27,47,31,51,40,55,42,57,43,60,46,62,53,62,53,64,54,63,62,62,63,60,65,59,64,47,65,38,66,37,65,32,61,32,60,30,53,29,33,32]],"iscrowd":0},{"id":66,"image_id":66,"category_id":1,"bbox":[11,12,69,49],"area":3381,"segmentation":[[26,17,27,27,22,40,11,48,11,51,17,51,21,54,47,61,71,59,74,56,76,57,78,55,78,50,80,49,80,41,76,28,80,26,80,24,77,12,31,12]],"iscrowd":0},{"id":67,"image_id":67,"category_id":1,"bbox":[21,23,93,48],"area":4464,"segmentation":[[24,41,25,48,21,53,24,56,30,56,32,64,54,69,72,71,82,71,86,69,94,70,101,63,110,59,114,55,113,50,98,36,84,27,70,23,44,25]],"iscrowd":0},{"id":68,"image_id":68,"category_id":1,"bbox":[54,16,88,92],"area":8096,"segmentation":[[57,44,54,49,58,58,57,70,59,74,56,84,59,95,81,101,114,103,118,106,124,104,137,108,142,65,139,48,133,34,118,27,116,22,107,16,86,16,80,19,66,40,64,39]],"iscrowd":0},{"id":69,"image_id":69,"category_id":1,"bbox":[30,21,92,50],"area":4600,"segmentation":[[30,44,30,59,39,61,50,60,51,62,54,62,56,68,61,71,68,71,72,68,87,71,106,55,111,53,113,48,121,43,122,40,107,26,93,21,69,21,63,26,62,32,52,37,48,36,35,39]],"iscrowd":0},{"id":70,"image_id":70,"category_id":1,"bbox":[27,21,95,50],"area":4750,"segmentation":[[29,41,27,48,29,49,30,60,49,62,61,71,84,71,91,68,97,59,110,54,117,48,118,42,122,42,122,39,108,26,87,21,68,23,61,32,35,35]],"iscrowd":0},{"id":71,"image_id":71,"category_id":1,"bbox":[29,20,41,32],"area":1312,"segmentation":[[33,24,33,32,31,34,29,34,29,35,34,37,34,41,33,42,34,46,35,46,36,44,38,44,41,47,42,52,45,50,52,50,57,52,60,50,63,51,64,50,68,50,70,46,70,32,68,27,64,24,56,20,38,20]],"iscrowd":0},{"id":72,"image_id":72,"category_id":1,"bbox":[49,13,78,45],"area":3510,"segmentation":[[51,30,51,36,49,36,49,39,54,47,61,51,68,50,82,58,91,56,97,57,103,55,115,55,122,51,125,46,125,42,127,41,127,28,125,25,117,19,106,16,78,13,67,14,60,17]],"iscrowd":0},{"id":73,"image_id":73,"category_id":1,"bbox":[22,15,92,50],"area":4600,"segmentation":[[24,27,22,29,22,35,25,38,25,42,23,43,23,53,28,59,34,59,45,64,90,65,114,46,112,32,100.387,26.346,77,17,73,15,53,16]],"iscrowd":0},{"id":74,"image_id":74,"category_id":1,"bbox":[27,14,59,57],"area":3363,"segmentation":[[32,33,33,42,30,49,31,55,27,58,27,61,32,65,61,71,79,71,84,67,86,55,84,53,86,30,77,17,46,14,41,16,36,28,33,30]],"iscrowd":0},{"id":75,"image_id":75,"category_id":1,"bbox":[26,18,52,41],"area":2132,"segmentation":[[27,27,26,32,27,34,30,35,31,47,40,55,46,53,50,56,50,58,55,59,58,58,61,55,62,56,66,51,68,51,72,44,75,45,78,44,78,41,76,40,74,26,71,25,71,24,66,24,61,18,33,19]],"iscrowd":0},{"id":76,"image_id":76,"category_id":1,"bbox":[23,29,43,35],"area":1505,"segmentation":[[30,33,23,45,23,48,25,48,28,51,32,53,35,53,35,54,42,58,43,61,45,62,57,64,66,61,64.339,54.785,59.593,52.75,60.542,49.358,64.61,47.323,66,36,65,35,65,32,62,31,62,30,57,30,56,29,42,29,40,31,32,31]],"iscrowd":0},{"id":77,"image_id":77,"category_id":1,"bbox":[26,15,81.234,76],"area":6173.784,"segmentation":[[49,16,45,25,34,33,34,35,26,42,37,51,44,63,43,67,46,75,51,81,59,87,64,88,66,91,84,87,92.766,77.884,97.872,64.77,94.128,53.359,103.66,50.294,107.234,40.927,100,35,93,30,89,30,85,24,72,25,65,23,63,19,55,15]],"iscrowd":0},{"id":78,"image_id":78,"category_id":1,"bbox":[30,14,74,76],"area":5624,"segmentation":[[31,32,30,35,33,42,36,44,38,62,46,68,46,76,49,85,66,90,70,90,74,83,90,73,94,52,99,43,104,40,102,33,90,23,91,20,78,14,68,16,61,21,61.309,26.896,59.418,29.079,56.655,28.351,54.327,23.257,48,22]],"iscrowd":0},{"id":79,"image_id":79,"category_id":1,"bbox":[49,3,101,82],"area":8282,"segmentation":[[52,53,49,59,53.467,67.738,59.333,72.54,66,75,71,76,73,80,84,85,104,83,122,72,133,72,141,66,148,67,150,60,148,46,125,15,126,10,110,3,95,3,86,6,65,32,62,41]],"iscrowd":0},{"id":80,"image_id":80,"category_id":1,"bbox":[27,29,36,35.961],"area":1294.582,"segmentation":[[28,41,27,47,29,50,29,53,33.017,56.278,40.475,55.328,43.729,60.348,39.932,62.111,41.966,64.961,58,62,61,61,62,59,63,59,63,43,62,42,62,33,58,30,46,29,43,30,41,34,34,33,32,40]],"iscrowd":0},{"id":81,"image_id":81,"category_id":1,"bbox":[32,23,102,54],"area":5508,"segmentation":[[33,35,32,44,34,44,36,50,41,54,41,58,37,65,33,65,32,67,35,67,46,75,58,77,66,77,91,64,100,62,103,64,111,64,113,51,124.582,47.126,122.691,45.234,115.564,45.379,117.455,43.051,122,43,129,43,134,38,128,27,118,26,116,24,91,23,62,24,42,31,37,38]],"iscrowd":0},{"id":82,"image_id":82,"category_id":1,"bbox":[25,22,108,51],"area":5508,"segmentation":[[29,35,25,38,32,57,28,61,29,64,35,70,44,73,78,70,99,63,109,63,117,49,133,40,133,32,126,24,118,24,117,27,106,28,87,22,60,24]],"iscrowd":0},{"id":83,"image_id":83,"category_id":1,"bbox":[70,32,79,99],"area":7821,"segmentation":[[74,65,70,86,71,98,84,119,94,119,105,126,123,131,141,130,148,121,149,115,127.882,97.539,122.235,91.889,120.353,84.826,118.471,77.528,113.765,65.756,107,55,106,47,93,32,87,33,84,37,81,52,76,59,77,63]],"iscrowd":0},{"id":84,"image_id":84,"category_id":1,"bbox":[30,14,74,76],"area":5624,"segmentation":[[30,33,30,45,48,85,65,90,69,90,78,80,93,70,93,55,97,46,104,41,103,36,97,30,95,25,90,24,76,14,70,16,62,25,53,26,44,24,40,30,38,29]],"iscrowd":0},{"id":85,"image_id":85,"category_id":1,"bbox":[19,9,64,51],"area":3264,"segmentation":[[30,20,27,28,19,32,28,58,41,58,44,55,47,55,48,57,67,60,69,58,77,57,78,52,76,51,76,48,80,44,78,43,79,40,76,35,82,32,83,26,76,20,76,18,73,15,49,9,44,12,41,12]],"iscrowd":0},{"id":86,"image_id":86,"category_id":1,"bbox":[35,19,99,45.16],"area":4470.88,"segmentation":[[37,37,35,39,37,51,55.6,56.883,72.764,60.522,87.891,64.16,98.8,63.578,110.436,58.484,120,53,120,45,123,42,134,38,134,35,110,20,97,23,81,19,59,27,52.982,33.015,57.927,36.799,56.909,41.165,51.091,41.602,43.236,39.855]],"iscrowd":0},{"id":87,"image_id":87,"category_id":1,"bbox":[23,62,44,25],"area":1100,"segmentation":[[24,74,24,77,23,77,23,81,24,83,31,87,58,87,63,86,67,81,67,72,64,69,63,66,61,64,51,62,44,62,41,63,41,64,31,68,26,72,25,74]],"iscrowd":0},{"id":88,"image_id":88,"category_id":1,"bbox":[28,14,77,76],"area":5852,"segmentation":[[30,34,28,40,31,45,39,48,40,57,38,58,38,62,46,70,46,78,49,84,55,88,65,90,70,90,75,82,94,69,93,62,98,45,105,40,98,25,81,17,79,14,70,15,55,28,45,24]],"iscrowd":0},{"id":89,"image_id":89,"category_id":1,"bbox":[40,10,83,60],"area":4980,"segmentation":[[44,36,40,49,55,56,57,61,63,66,75,69,90,70,92,67,103,63,117,64,121,60,123,54,123,45,120,43,119,37,120,30,108,13,103,13,102,11,98,12,96,10,79,14,62,14,57,18,55,27,52,27]],"iscrowd":0},{"id":90,"image_id":90,"category_id":1,"bbox":[58,43,89,73],"area":6497,"segmentation":[[63,48,65,59,62,64,64,69,58,87,58,93,61,94,60,98,66,110,69,109,84,116,124,110,139,110,147,104,142,96,138,77,138,66,135,58,131,55,102,43,72,43]],"iscrowd":0},{"id":91,"image_id":91,"category_id":1,"bbox":[28,13,79,52],"area":4108,"segmentation":[[32,31,28,45,30,47,30,53,36,57,46,57,51,60,78,65,100,57,105,54,107,48,107,42,98,25,62,13,46,13]],"iscrowd":0},{"id":92,"image_id":92,"category_id":1,"bbox":[57,32,117,89],"area":10413,"segmentation":[[63,51,65,69,57,106,61,118,86,121,122,118,150,108,157,108,160,113,168,110,174,101,167,81,167,69,174,67,167,38,160,40,153,37,151,32,118,35,71,42]],"iscrowd":0},{"id":93,"image_id":93,"category_id":1,"bbox":[30,20,89,96],"area":8544,"segmentation":[[58,23,51,43,30,48,30,100,43,105,57,105,78,112,81,115,100,116,108,113,116,106,116,90,111,89,109,78,119,69,119,46,111,38,101,38,90,24,79,20,66,20]],"iscrowd":0},{"id":94,"image_id":94,"category_id":1,"bbox":[28,13,78,53],"area":4134,"segmentation":[[33,29,28,43,32,53,36,56,48,57,52,60,56,60,60,64,80,66,88,61,96,60,105,55,106,38,102,32,103,31,98,20,94,19,90,21,71,18,57,13,47,13]],"iscrowd":0},{"id":95,"image_id":95,"category_id":1,"bbox":[48,3,101,81],"area":8181,"segmentation":[[51,54,48,60,51,73,59,80,62,78,74,84,105,83,134,71,149,62,148,46,140,35,128,26,125,11,110,3,92,3,83,9,81,15,75,17,73,23,64,32]],"iscrowd":0},{"id":96,"image_id":96,"category_id":1,"bbox":[27,21,73,66],"area":4818,"segmentation":[[29,44,27,68,40,77,55,80,59,79,70,87,82,87,94,80,96,81,100,71,95,59,91,57,85,49,86,37,84,31,86,24,67,21,55,22,40,32]],"iscrowd":0},{"id":97,"image_id":97,"category_id":1,"bbox":[19,9,63,52],"area":3276,"segmentation":[[30,19,29,22,19,32,20,51,25,53,30,61,66,61,78,57,80,54,81,45,80,32,82,31,82,22,78,17,67,12,59,12,49,9,41,12]],"iscrowd":0},{"id":98,"image_id":98,"category_id":1,"bbox":[15,5,145,117],"area":16965,"segmentation":[[17,94,20,103,25,104,26,108,17,114,15,122,59.227,122,65.045,102.706,68.682,92.336,87.409,93.064,103.955,92.336,119.773,85.605,130.318,79.42,141.773,73.962,141.773,93.064,144,112,145,122,158,122,160,54,153,41,146,40,147,37,118,9,110,5,92,7,64,36,60,50,53,54,46,50,39,71,34,78,26,81]],"iscrowd":0},{"id":99,"image_id":99,"category_id":1,"bbox":[42,21,84,61],"area":5124,"segmentation":[[43,62,42,70,45,78,89,82,97,82,103,79,119,79,122,75,122,70,126,67,123,57,125,56,122,54,122,32,103,25,81,23,77,21,69,34,58,37,57,41,59,47,52,54,46,56]],"iscrowd":0},{"id":100,"image_id":100,"category_id":1,"bbox":[54,41,98,79],"area":7742,"segmentation":[[67,47,64,83,54,97,58,101,56,107,58,114,62,118,74,120,80,119,83,113,109,112,110,110,130,115,143,108,148,99,151,78,152,44,147,43,138,48,122,49,113,57,103,52,100,47,84,41,69,43]],"iscrowd":0},{"id":101,"image_id":101,"category_id":1,"bbox":[9,4,152,118],"area":17936,"segmentation":[[12,93,9,100,11,122,63.227,122,62.136,102.16,68.5,91.972,91.227,91.79,111.409,87.06,124.5,80.511,136.864,77.6,142.318,86.151,135.045,104.707,122.5,111.074,124.864,115.441,142.5,115.986,141,122,158,122,161,56,142,30,128,20,121,9,93,4,62,34,53,52,40,58,37,67]],"iscrowd":0},{"id":102,"image_id":102,"category_id":1,"bbox":[14,20,95.88,54],"area":5177.52,"segmentation":[[18,47,14.12,48.277,15.08,53.24,30,54,30,61,50,66,58,70,81,74,98,68,110,52,107,42,100,38,96,30,78,26,74,27,57,20,44,21]],"iscrowd":0},{"id":103,"image_id":103,"category_id":1,"bbox":[29,15,73,77],"area":5621,"segmentation":[[32,32,29,39,29,45,31,48,35,49,40,56,41,71,45,77,60,92,75,92,76,90,82,90,91,80,102,45,101,38,97,37,85,25,73,26,60,15,50,16]],"iscrowd":0},{"id":104,"image_id":104,"category_id":1,"bbox":[17,9,68,54],"area":3672,"segmentation":[[18,33,19,41,17,46,25,52,30,60,39,61,51,59,61,63,78,58,85,18,80,15,74,15,73,13,67,11,46,9,33,16,29,21,29,25]],"iscrowd":0},{"id":105,"image_id":105,"category_id":1,"bbox":[52,3,98,77],"area":7546,"segmentation":[[65,31,52,49,52,67,76,77,77,80,106,80,149,64,150,48,148,42,127,12,115,4,94,3,87,6]],"iscrowd":0},{"id":106,"image_id":106,"category_id":1,"bbox":[28,13,82,52],"area":4264,"segmentation":[[30,33,28,43,32,54,42,56,53,62,65,63,67,65,83,65,86,62,92,63,93,61,99,60,99,56,105,54,105,49,110,46,110,40,106,37,101,21,99,20,97,22,94,20,74,19,68,16,61,16,59,14,51,13,47,14]],"iscrowd":0},{"id":107,"image_id":107,"category_id":1,"bbox":[24,18,98,53],"area":5194,"segmentation":[[25,46,24,54,27,60,47,61,61,71,88,71,94,67,95,62,101,57,109,55,117,42,122,42,120,37,109,27,100,23,91,20,66,18,57,21,49.5,35,42,34,33,37]],"iscrowd":0},{"id":108,"image_id":108,"category_id":1,"bbox":[18,19,64,52],"area":3328,"segmentation":[[19,40,18,45,20,51,18,58,29,68,54,68,59,71,66,71,78,66,78,58,80,55,80,47,82,40,82,29,76,26,75,27,70,23,56,22,52,19,48,19,32,26]],"iscrowd":0},{"id":109,"image_id":109,"category_id":1,"bbox":[31,21,96,101],"area":9696,"segmentation":[[32,55,31,84,35,100,45,105,69,104,73,108,73,116,84,122,93,122,110,113,119,113,127,106,124,84,118,81,124,65,119,55,120,46,116,39,98,38,94,36,93,29,79,21,64,21,58,23,52,32,42,39]],"iscrowd":0},{"id":110,"image_id":110,"category_id":1,"bbox":[53,37,104,86],"area":8944,"segmentation":[[58,47,62,56,63,71,61,77,54,84,53,106,56,112,65,119,74,123,80,122,89,110,104,112,108,116,119,115,122,117,136,115,152,109,149,102,149,86,152,81,150,68,156,63,157,44,152,45,147,38,143,37,133,43,120,41,114,42,113,45,103,45,100,48,81,43,79,40,69,40]],"iscrowd":0},{"id":111,"image_id":111,"category_id":1,"bbox":[37,8,116,67],"area":7772,"segmentation":[[39,38,37,47,41.429,63.352,51.714,60.574,58.408,69.233,79,71,91,71,105,64,115,71,115,74,126,75,138,66,141,59,150,59,153,51,144.122,47.179,140.041,42.115,130.571,36.397,123.878,25.942,102,8,61,12,57,15,56,25,46,26,46,31]],"iscrowd":0},{"id":112,"image_id":112,"category_id":1,"bbox":[24,65,46,22],"area":1012,"segmentation":[[25,73,24,74,25,75,24,78,25,81,28,81,35,86,45,86,48,87,63,86,68,82,68,79,70,76,70,72,68,70,68,67,58,67,52,65,44,65,40,67,39,69,33,69]],"iscrowd":0},{"id":113,"image_id":113,"category_id":1,"bbox":[28,17,53,62],"area":3286,"segmentation":[[29,34,28,66,33,76,37,78,41,77,43,79,54,78,54,76,63,71,74,71,78,67,74,65,74,62,77,56,76,48,80,46,81,38,78,25,74,20,64,17,55,17,52,20,50,19,46,22,38,25,37,24]],"iscrowd":0},{"id":114,"image_id":114,"category_id":1,"bbox":[32,19,98.527,42],"area":4138.147,"segmentation":[[41.345,35.489,34.509,35.052,32.473,39.71,37.855,50.48,53,52,55,51,58,54,66,54,73,59,86,61,114,58,129,54,131,52,123,47,122,43,128,40,123,29,121,29,117,24,107,24,105,21,95,23,83,19,60.255,24.137,55.6,26.029,54.873,40.001,47.455,41.02]],"iscrowd":0},{"id":115,"image_id":115,"category_id":1,"bbox":[11,11,70,50],"area":3500,"segmentation":[[26,18,27,27,25,38,22,42,17,43,11,50,48,61,61,59,69,60,78,56,78,52,81,48,81,41,79,39,81,19,78,13,61,11,33,14,27,16]],"iscrowd":0},{"id":116,"image_id":116,"category_id":1,"bbox":[71,31,73,97],"area":7081,"segmentation":[[72,81,71,86,76,101,85.294,112.607,101.294,127.675,137,128,139,123,144,121,143,111,135,100,122,94,119,90,119,85,115,82,104,37,100,37,91,31,87,33,83,43,81,60,77,64,77,70,74,72,75,75]],"iscrowd":0},{"id":117,"image_id":117,"category_id":1,"bbox":[31,21,94,100],"area":9400,"segmentation":[[32,53,31,83,36,100,45,105,71,104,75,117,83,121,119,113,120,109,125,106,124,83,119,78,121,65,119,43,116,40,106,39,93,31,91,24,80,21,56,23,40,41,37,41]],"iscrowd":0},{"id":118,"image_id":118,"category_id":1,"bbox":[53,14,74,45],"area":3330,"segmentation":[[55,32,53,41,59,49,85,59,117,56,125,45,127,35,126,28,118,20,87,14,76,14,60,20]],"iscrowd":0},{"id":119,"image_id":119,"category_id":1,"bbox":[16,20,68,51],"area":3468,"segmentation":[[16,44,16,57,19,60,30,65,29,67,31,69,67,71,78,65,78,57,80,52,79,45,81,43,84,29,82,26,74,26,71,23,44,20,31,28,26,37,21,38,21,40]],"iscrowd":0},{"id":120,"image_id":120,"category_id":1,"bbox":[23,16,92,49],"area":4508,"segmentation":[[36,20,23,34,25,40,23,45,26,52,31,54,37,62,58,65,98,64,97,60,101,57,103,50,115,46,113,38,101,32,94,23,70,16,56,16,53,18]],"iscrowd":0},{"id":121,"image_id":121,"category_id":1,"bbox":[26,13,80,51],"area":4080,"segmentation":[[36,25,26,38,26,42,28,43,31,53,35,57,78,64,89,62,90,60,97,58,98,59,102,54,103,55,106,49,105,36,98,27,91,23,84,23,74,18,62,17,51,13,45,16]],"iscrowd":0},{"id":122,"image_id":122,"category_id":1,"bbox":[44,17,77,65],"area":5005,"segmentation":[[48,51,48,57,44,69,51,77,82,82,103,82,110,80,119,74,121,61,119,52,121,49,120,36,111,36,108,41.986,100.195,41.205,100.39,34.177,100.781,25.977,96,17,82,18,74,22,67,31,57,37,57,40,54,41,55,47,49,48]],"iscrowd":0},{"id":123,"image_id":123,"category_id":1,"bbox":[25,21,110,54],"area":5940,"segmentation":[[30,33,25,38,32,51,27,64,33,70,48,75,65,73,66,71,79,70,93,64,110,62,118,55,123.855,47.708,115.564,46.253,118.036,43.924,122.333,43,133,43,135,40,132,24,123,21,110,23,67,22,54,24,44,30]],"iscrowd":0},{"id":124,"image_id":124,"category_id":1,"bbox":[52,3,98,81],"area":7938,"segmentation":[[52,52,55.6,66.315,62,72,77,82,86,84,105,83,121,73,138,70,148,63,150,50,135,29,127,25,125,11,113,4,97,3,88,6,84,10]],"iscrowd":0},{"id":125,"image_id":125,"category_id":1,"bbox":[50,3,100,81],"area":8100,"segmentation":[[52,54,50,61,53.111,66.67,59.333,71.473,73,76,74,81,85,84,102,83,148,66,150,50,143,39,126,22,123,10,115,4,96,3,84,10,81,18,76,22,75,28,66,31]],"iscrowd":0},{"id":126,"image_id":126,"category_id":1,"bbox":[16,15,100.943,59],"area":5955.661,"segmentation":[[16,42,16,58,26,63,26,71,54,67,61,74,69,73,70,70,79.509,70.653,83.283,51.321,87.358,38.635,89.321,29.573,100.491,25.797,107.132,24.589,116.943,23.38,115.283,15.376,105,15,50,16,26,24,26,30]],"iscrowd":0},{"id":127,"image_id":127,"category_id":1,"bbox":[30,18,41,41],"area":1681,"segmentation":[[31,24,30,35,34,36,41,46,42,46,45,51,45,55,47,59,57,58,68,50,68,44,70,42,69,37,71,34,71,29,61,18,50,19,33,18]],"iscrowd":0},{"id":128,"image_id":128,"category_id":1,"bbox":[26,22,66,65],"area":4290,"segmentation":[[29,45,26,68,33,75,55,81,63,79,67,86,82,87,88,80,88,74,92,73,92,62,84,49,85,38,83,31,74,24,68,22,51,24,37,34]],"iscrowd":0},{"id":129,"image_id":129,"category_id":1,"bbox":[72,45,65,80],"area":5200,"segmentation":[[72,84,72,95,78,112,105,125,107,123,128,124,132,120,135,120,132,108,135,107,137,102,131,97,123,94,119,89,119,84,115,80,115,71,117,69,108,61,106,47,95,45,82,56]],"iscrowd":0},{"id":130,"image_id":130,"category_id":1,"bbox":[35,29,118,44],"area":5192,"segmentation":[[39,37,35,44,38,61,41,62,43,67,52,69,69,67,86,69,94,73,131,72,136,70,137,60,153,52,146,44,140,44,138,41,123,40,116,37,102,37,94,40,87,31,82,29,65,31,54,29,46,31]],"iscrowd":0},{"id":131,"image_id":131,"category_id":1,"bbox":[30,15,69,78],"area":5382,"segmentation":[[31,39,35,56,30,59,33,60,39,73,47,76,52,81,51,83,59,93,80,92,83,90,87,84,87,79,89,78,99,45,99,42,93,33,84,29,81,25,70,25,56,15,49,16,44,22,40,23,37,31,34,32]],"iscrowd":0},{"id":132,"image_id":132,"category_id":1,"bbox":[39,17,87,66],"area":5742,"segmentation":[[41,48,39,72,47,77,59,80,85,83,111,80,119,76,126,62,120,47,120,41,105,26,92,17,79,18,74,21,56,36,55,43,51,46,42,46]],"iscrowd":0},{"id":133,"image_id":133,"category_id":1,"bbox":[40,19,88,64],"area":5632,"segmentation":[[42,49,45,50,46,57,40,66,40,73,44,78,49,78,51,80,68,80,70,82,88,83,115,82,125,76,128,68,127,58,120,40,112,36,110,37,101,29,98,21,94,19,75,21,72,25,72,29,67,34,64,33,55,37]],"iscrowd":0},{"id":134,"image_id":134,"category_id":1,"bbox":[24,61,43,26],"area":1118,"segmentation":[[29,68,26,74,27,76,24,77,24,79,27,84,30,86,51,87,52,86,57,85,58,86,64,83,65,81,66,81,66,77,67,76,63,63,52,63,50,62,50,61,41,61,40,62,34,63,31,65]],"iscrowd":0},{"id":135,"image_id":135,"category_id":1,"bbox":[18,10,66,51],"area":3366,"segmentation":[[22,29,18,34,18,47,20,49,23,51,28,51,36,60,56,58,58,61,67,61,78,57,81.322,54.107,80.915,39.725,84,18,80,15,72,13,46,10,42,12,32,23]],"iscrowd":0},{"id":136,"image_id":136,"category_id":1,"bbox":[52,34,100,83],"area":8300,"segmentation":[[55,76,57,89,52,105,55,113,63,117,80,116,92,110,147,110,152,107,152,104,142,95,139,87,136,56,128,47,121,46,112,39,90,38,83,34,73,34,65,38]],"iscrowd":0},{"id":137,"image_id":137,"category_id":1,"bbox":[35,6,125.939,90.187],"area":11358.043,"segmentation":[[39,34,38,39,35,40,35,46,40,59,50,57,55,63,65,68,81,71,92,71,97,67,105,73,110.327,82.791,118.163,91.94,133.347,95.044,146.082,96.187,158.816,94.553,160.939,65.312,159,44,156.367,39.011,149.184,40.644,144.776,45.055,138.898,48.322,133.673,35.907,129.265,29.372,120.612,27.576,102,6,75,8,62,12,57,25,46,28]],"iscrowd":0},{"id":138,"image_id":138,"category_id":1,"bbox":[49,14,78,44],"area":3432,"segmentation":[[51,29,51,36,49,38,54,47,60,51,75,54,82,58,88,56,98,58,105,55,115,55,121,52,125,46,125,41,127,39,127,29,125,26,118,20,105,16,89,14,68,14,58,19]],"iscrowd":0},{"id":139,"image_id":139,"category_id":1,"bbox":[24,18,81,54],"area":4374,"segmentation":[[27,34,24,49,32,55,35,60,47,63,54,70,73,72,85,71,92,67,105,53,104,36,97,24,72,25,63,21,62,19,56,21,49,19,47,21,42,18,32,21,36,25,35,29,31,30]],"iscrowd":0},{"id":140,"image_id":140,"category_id":1,"bbox":[34,31,116,43],"area":4988,"segmentation":[[35,44,34,50,39,55,37,57,38,61,45,65,56,70,84,69,92,74,115,74,116,72,131,70,136,66,138,59,145,58,150,53,148,47,138,43,118,37,104,37,100,40,93,40,86,32,72,35,67,34,65,31,50,31]],"iscrowd":0},{"id":141,"image_id":141,"category_id":1,"bbox":[21,23,86,48],"area":4128,"segmentation":[[23,43,21,52,23,55,33,58,33,63,38,66,54,69,69,71,81,71,84,69,90,70,95,68,98,62,107,55,107,49,89,28,72,23,61,23,57,25,43,24,33,34,29,35]],"iscrowd":0},{"id":142,"image_id":142,"category_id":1,"bbox":[27,14,77,75],"area":5775,"segmentation":[[31,33,27,42,31,48,36,49,39,57,38,62,47,67,46,77,52,87,55,88,69,89,74,83,81,81,83,77,88,77,94,68,93,63,96,61,98,47,104,42,104,35,100,28,92,22,86,22,78,14,74,14,61,24,42,24]],"iscrowd":0},{"id":143,"image_id":143,"category_id":1,"bbox":[27,29,38,32],"area":1216,"segmentation":[[28,37,27,44,28,45,28,48,30,49,32,53,39,53,44,55,46,59,46,61,60,61,65,59,63,55,63,48,64,46,62,43,62,40,63,39,65,39,63,36,65,33,56,30,51,30,50,29,45,30,44,31,37,29,31,30,30,32,31,34]],"iscrowd":0},{"id":144,"image_id":144,"category_id":1,"bbox":[24,21,62,65],"area":4030,"segmentation":[[29,44,24,64,28,70,46,78,62,79,68,86,82,86,82,80,86,78,84,24,64,21,52,23,37,34]],"iscrowd":0},{"id":145,"image_id":145,"category_id":1,"bbox":[48,43,108,82],"area":8856,"segmentation":[[49,100,48,113,60,122,72,125,81,125,122,112,122,110,148,111,156,108,155,102,152,102,142,89,141,60,131,52,109,43,72,44,64,53,59,81]],"iscrowd":0},{"id":146,"image_id":146,"category_id":1,"bbox":[53,38,111,82],"area":9102,"segmentation":[[59,43,63,57,62,70,61,76,53,88,53,98,56,102,57,113,61,117,78,120,86,110,108,113,111,110,116,110,122,115,132,115,146,109,157,63,164,54,164,51,153,41,138,38,138,40,126,43,122,40,120,48,116,51,108,49,102,51,94,44,81,40,70,42,67,40]],"iscrowd":0},{"id":147,"image_id":147,"category_id":1,"bbox":[8,5,152,117],"area":17784,"segmentation":[[12,92,8,100,12,105,10,122,61.591,122,61.045,109.437,68.136,93.428,82.682,91.608,98.682,90.699,117.409,86.333,131.227,83.422,140.136,82.148,137.955,98.158,142.682,108.164,127.955,111.438,123.045,112.166,122.318,115.804,144.136,115.986,142,122,158,122,160,81,155,61,156,50,126,23,122,11,110,5,94,6,66,33,61,48,40,59,39,68,33,76,27,76,24,85]],"iscrowd":0},{"id":148,"image_id":148,"category_id":1,"bbox":[28,20,75,53],"area":3975,"segmentation":[[32,34,32,38,28,44,28,51,34,60,39,63,48,64,54,67,80,73,87,70,88,67,93,67,96,65,101,59,103,45,99,34,97,31,87,27,72,26,62,23,58,20,46,20,43,24,40,24,36,31]],"iscrowd":0},{"id":149,"image_id":149,"category_id":1,"bbox":[16,4,144,118],"area":16992,"segmentation":[[19,99,25,108,17,112,16,122,61.409,122,63.409,105.071,65.591,90.517,81.773,89.971,108.682,88.88,129.591,79.42,142.864,74.689,140.682,102.888,125.409,109.801,128.136,115.259,135.227,115.986,142.318,116.35,142,122,158,122,160,88,156,73,155.773,68.14,151,49,145,39,131,30,123,11,113,5,98,4,89,7,47,53,40,62,34,80,26,82,26,90]],"iscrowd":0}]}