{"info":{"year":"2025","version":"1","description":"Exported from roboflow.com","contributor":"","url":"https://public.roboflow.com/object-detection/undefined","date_created":"2025-05-28T10:00:19+00:00"},"licenses":[{"id":1,"url":"https://creativecommons.org/licenses/by/4.0/","name":"CC BY 4.0"}],"categories":[{"id":0,"name":"Breast-Cancer","supercategory":"none"},{"id":1,"name":"benign","supercategory":"Breast-Cancer"}],"images":[{"id":0,"license":1,"file_name":"us34_jpg.rf.c5b704e98e3daa23d163fcdb6b6475db.jpg","height":73,"width":107,"date_captured":"2025-05-28T10:00:19+00:00","extra":{"name":"us34.jpg"}},{"id":1,"license":1,"file_name":"us21_jpg.rf.a9b0d211b34c09c03b27e5743bd5ac4f.jpg","height":57,"width":93,"date_captured":"2025-05-28T10:00:19+00:00","extra":{"name":"us21.jpg"}},{"id":2,"license":1,"file_name":"us99_jpg.rf.87e1769a1bcce5407d01c4417dfb5030.jpg","height":69,"width":95,"date_captured":"2025-05-28T10:00:19+00:00","extra":{"name":"us99.jpg"}},{"id":3,"license":1,"file_name":"us30_jpg.rf.9104859806afdd03a60f743554eab98a.jpg","height":75,"width":95,"date_captured":"2025-05-28T10:00:19+00:00","extra":{"name":"us30.jpg"}},{"id":4,"license":1,"file_name":"us93_jpg.rf.5bef4f58eb359612be9edb0244038788.jpg","height":81,"width":157,"date_captured":"2025-05-28T10:00:19+00:00","extra":{"name":"us93.jpg"}},{"id":5,"license":1,"file_name":"us13_jpg.rf.9a00091208ad420cb950503c18e39bd3.jpg","height":79,"width":105,"date_captured":"2025-05-28T10:00:19+00:00","extra":{"name":"us13.jpg"}},{"id":6,"license":1,"file_name":"us10_jpg.rf.74b78b0f6ae06a19bcb6d28b1f5ef291.jpg","height":69,"width":123,"date_captured":"2025-05-28T10:00:19+00:00","extra":{"name":"us10.jpg"}},{"id":7,"license":1,"file_name":"us37_jpg.rf.7489ef2296c4f634fd6c53c58cb4dea8.jpg","height":65,"width":105,"date_captured":"2025-05-28T10:00:19+00:00","extra":{"name":"us37.jpg"}},{"id":8,"license":1,"file_name":"us63_jpg.rf.bfb112044c597b58aa4b81ef83cbb2b3.jpg","height":105,"width":157,"date_captured":"2025-05-28T10:00:19+00:00","extra":{"name":"us63.jpg"}},{"id":9,"license":1,"file_name":"us62_jpg.rf.ef9a8d8cc78d27e054a8dcb976df025e.jpg","height":105,"width":157,"date_captured":"2025-05-28T10:00:19+00:00","extra":{"name":"us62.jpg"}},{"id":10,"license":1,"file_name":"us94_jpg.rf.f3455218f02652195870a0b2c868f139.jpg","height":81,"width":157,"date_captured":"2025-05-28T10:00:19+00:00","extra":{"name":"us94.jpg"}},{"id":11,"license":1,"file_name":"us87_jpg.rf.8d1868357d7941df26d7ebea82ade95e.jpg","height":95,"width":97,"date_captured":"2025-05-28T10:00:19+00:00","extra":{"name":"us87.jpg"}},{"id":12,"license":1,"file_name":"us31_jpg.rf.93decab5f2fc0f7601c52afcd27bf79d.jpg","height":73,"width":107,"date_captured":"2025-05-28T10:00:19+00:00","extra":{"name":"us31.jpg"}},{"id":13,"license":1,"file_name":"us86_jpg.rf.be88acd8e7f8a9351ded76872ccd2ec3.jpg","height":95,"width":97,"date_captured":"2025-05-28T10:00:19+00:00","extra":{"name":"us86.jpg"}},{"id":14,"license":1,"file_name":"us41_jpg.rf.743b8b372acb0b11a9a7987fc033deca.jpg","height":79,"width":127,"date_captured":"2025-05-28T10:00:19+00:00","extra":{"name":"us41.jpg"}},{"id":15,"license":1,"file_name":"us60_jpg.rf.d08d0c9a4c8bfe0bee6470865560f40f.jpg","height":71,"width":99,"date_captured":"2025-05-28T10:00:19+00:00","extra":{"name":"us60.jpg"}},{"id":16,"license":1,"file_name":"us3_jpg.rf.77805713e82478b68842ff35dd58f1f6.jpg","height":75,"width":95,"date_captured":"2025-05-28T10:00:19+00:00","extra":{"name":"us3.jpg"}},{"id":17,"license":1,"file_name":"us75_jpg.rf.567db5a536f7516a38a87ba7104967ec.jpg","height":73,"width":107,"date_captured":"2025-05-28T10:00:19+00:00","extra":{"name":"us75.jpg"}},{"id":18,"license":1,"file_name":"us85_jpg.rf.2e330905193097d50293aa3b53141129.jpg","height":77,"width":105,"date_captured":"2025-05-28T10:00:19+00:00","extra":{"name":"us85.jpg"}},{"id":19,"license":1,"file_name":"us55_jpg.rf.61c532326dd0a052b2d1cda47d125665.jpg","height":75,"width":75,"date_captured":"2025-05-28T10:00:19+00:00","extra":{"name":"us55.jpg"}},{"id":20,"license":1,"file_name":"us36_jpg.rf.0fb29992ff1e77832f9281320129f909.jpg","height":65,"width":105,"date_captured":"2025-05-28T10:00:19+00:00","extra":{"name":"us36.jpg"}},{"id":21,"license":1,"file_name":"us90_jpg.rf.4b4214b977f05981d5eb3e7fa19cf7a2.jpg","height":95,"width":97,"date_captured":"2025-05-28T10:00:19+00:00","extra":{"name":"us90.jpg"}},{"id":22,"license":1,"file_name":"us52_jpg.rf.f32cc11416d94393989ca99e3f3cb0dd.jpg","height":75,"width":75,"date_captured":"2025-05-28T10:00:19+00:00","extra":{"name":"us52.jpg"}},{"id":23,"license":1,"file_name":"us66_jpg.rf.edce29640fdb953ce5980d05488325cb.jpg","height":75,"width":143,"date_captured":"2025-05-28T10:00:19+00:00","extra":{"name":"us66.jpg"}},{"id":24,"license":1,"file_name":"us35_jpg.rf.2ea90bafaf0c4b1ce63a7321522b80c0.jpg","height":73,"width":107,"date_captured":"2025-05-28T10:00:19+00:00","extra":{"name":"us35.jpg"}},{"id":25,"license":1,"file_name":"us11_jpg.rf.7e07fb79abd450cbe54f46683c2623c8.jpg","height":79,"width":105,"date_captured":"2025-05-28T10:00:19+00:00","extra":{"name":"us11.jpg"}},{"id":26,"license":1,"file_name":"us5_jpg.rf.ad620c38f62baaabfa6449e44ccb216f.jpg","height":75,"width":95,"date_captured":"2025-05-28T10:00:19+00:00","extra":{"name":"us5.jpg"}},{"id":27,"license":1,"file_name":"us83_jpg.rf.c31ad03cbb168e5503c6eb4d8c64d45e.jpg","height":77,"width":105,"date_captured":"2025-05-28T10:00:19+00:00","extra":{"name":"us83.jpg"}},{"id":28,"license":1,"file_name":"us45_jpg.rf.82c798b27759f6d9d4d085881ad48f4e.jpg","height":79,"width":127,"date_captured":"2025-05-28T10:00:19+00:00","extra":{"name":"us45.jpg"}},{"id":29,"license":1,"file_name":"us53_jpg.rf.6ac9aad7c269aa707401ab39dbb88fb1.jpg","height":75,"width":75,"date_captured":"2025-05-28T10:00:19+00:00","extra":{"name":"us53.jpg"}},{"id":30,"license":1,"file_name":"us54_jpg.rf.a81135d0d477f64c67938b62caf32690.jpg","height":75,"width":75,"date_captured":"2025-05-28T10:00:19+00:00","extra":{"name":"us54.jpg"}},{"id":31,"license":1,"file_name":"us8_jpg.rf.c74ac0990884896ea236707ffcd5c696.jpg","height":69,"width":123,"date_captured":"2025-05-28T10:00:19+00:00","extra":{"name":"us8.jpg"}},{"id":32,"license":1,"file_name":"us79_jpg.rf.49bd904d152085c0450d6920b57ee578.jpg","height":93,"width":121,"date_captured":"2025-05-28T10:00:19+00:00","extra":{"name":"us79.jpg"}},{"id":33,"license":1,"file_name":"us29_jpg.rf.c353a9732dfe155236af7d608ea21c1b.jpg","height":75,"width":95,"date_captured":"2025-05-28T10:00:19+00:00","extra":{"name":"us29.jpg"}},{"id":34,"license":1,"file_name":"us17_jpg.rf.58d9f87b32ed1870c29623e411174a61.jpg","height":87,"width":153,"date_captured":"2025-05-28T10:00:19+00:00","extra":{"name":"us17.jpg"}},{"id":35,"license":1,"file_name":"us16_jpg.rf.6466237d41ef2a22fc857741598efa3e.jpg","height":87,"width":153,"date_captured":"2025-05-28T10:00:19+00:00","extra":{"name":"us16.jpg"}},{"id":36,"license":1,"file_name":"us40_jpg.rf.e7ca987fd71df417baa68e810178ee07.jpg","height":65,"width":105,"date_captured":"2025-05-28T10:00:19+00:00","extra":{"name":"us40.jpg"}},{"id":37,"license":1,"file_name":"us95_jpg.rf.3262c53e89465fe5d1ae553b4bde3f06.jpg","height":81,"width":157,"date_captured":"2025-05-28T10:00:19+00:00","extra":{"name":"us95.jpg"}},{"id":38,"license":1,"file_name":"us61_jpg.rf.a0732595bf57a7b968f92e54af163482.jpg","height":105,"width":157,"date_captured":"2025-05-28T10:00:19+00:00","extra":{"name":"us61.jpg"}},{"id":39,"license":1,"file_name":"us73_jpg.rf.8945132a97aef203a5284b0661f642f2.jpg","height":73,"width":107,"date_captured":"2025-05-28T10:00:19+00:00","extra":{"name":"us73.jpg"}},{"id":40,"license":1,"file_name":"us57_jpg.rf.7dbc5548c6a4cd08c784531c58809c44.jpg","height":71,"width":99,"date_captured":"2025-05-28T10:00:19+00:00","extra":{"name":"us57.jpg"}},{"id":41,"license":1,"file_name":"us48_jpg.rf.847f390a8e0e8bc5ad22781b0bec3f2d.jpg","height":79,"width":93,"date_captured":"2025-05-28T10:00:19+00:00","extra":{"name":"us48.jpg"}},{"id":42,"license":1,"file_name":"us67_jpg.rf.9291dfc6ca97b3e346d33d97ff53725b.jpg","height":75,"width":143,"date_captured":"2025-05-28T10:00:19+00:00","extra":{"name":"us67.jpg"}},{"id":43,"license":1,"file_name":"us14_jpg.rf.33325838d0548c4b83d0b04168944e62.jpg","height":79,"width":105,"date_captured":"2025-05-28T10:00:19+00:00","extra":{"name":"us14.jpg"}},{"id":44,"license":1,"file_name":"us100_jpg.rf.758f423bacbe92348986df23275d8417.jpg","height":69,"width":95,"date_captured":"2025-05-28T10:00:19+00:00","extra":{"name":"us100.jpg"}},{"id":45,"license":1,"file_name":"us78_jpg.rf.034d8f74023a639862684dd9bee69568.jpg","height":93,"width":121,"date_captured":"2025-05-28T10:00:19+00:00","extra":{"name":"us78.jpg"}},{"id":46,"license":1,"file_name":"us22_jpg.rf.7e2c3c904f0f198369b2e7c21ec197e6.jpg","height":57,"width":93,"date_captured":"2025-05-28T10:00:19+00:00","extra":{"name":"us22.jpg"}},{"id":47,"license":1,"file_name":"us58_jpg.rf.0c9198fa18a65d5d4f6535f24f7965c4.jpg","height":71,"width":99,"date_captured":"2025-05-28T10:00:19+00:00","extra":{"name":"us58.jpg"}},{"id":48,"license":1,"file_name":"us65_jpg.rf.d0c07469fda2a681255433f736597d5f.jpg","height":105,"width":157,"date_captured":"2025-05-28T10:00:19+00:00","extra":{"name":"us65.jpg"}},{"id":49,"license":1,"file_name":"us12_jpg.rf.000aaf42ffa07f9436b226f383f8c64f.jpg","height":79,"width":105,"date_captured":"2025-05-28T10:00:19+00:00","extra":{"name":"us12.jpg"}},{"id":50,"license":1,"file_name":"us74_jpg.rf.07500664600e83a2156a44b3f0b7a0b6.jpg","height":73,"width":107,"date_captured":"2025-05-28T10:00:19+00:00","extra":{"name":"us74.jpg"}},{"id":51,"license":1,"file_name":"us76_jpg.rf.59d6a49a829a0388dd0af88931d3e317.jpg","height":93,"width":121,"date_captured":"2025-05-28T10:00:19+00:00","extra":{"name":"us76.jpg"}},{"id":52,"license":1,"file_name":"us26_jpg.rf.e4f8a3d9b760fee6ce8aed2f1f0c6ab6.jpg","height":75,"width":95,"date_captured":"2025-05-28T10:00:19+00:00","extra":{"name":"us26.jpg"}},{"id":53,"license":1,"file_name":"us25_jpg.rf.a171618a7fb33a5438b2118f73ca655f.jpg","height":57,"width":93,"date_captured":"2025-05-28T10:00:19+00:00","extra":{"name":"us25.jpg"}},{"id":54,"license":1,"file_name":"us33_jpg.rf.1c7327fdacdef9162dd0ea40f8909a00.jpg","height":73,"width":107,"date_captured":"2025-05-28T10:00:19+00:00","extra":{"name":"us33.jpg"}},{"id":55,"license":1,"file_name":"us47_jpg.rf.846b8498c8cc78a75c08f7392a224771.jpg","height":79,"width":93,"date_captured":"2025-05-28T10:00:19+00:00","extra":{"name":"us47.jpg"}},{"id":56,"license":1,"file_name":"us81_jpg.rf.4db7f7f8bbddaad75ba00fb74d90a572.jpg","height":77,"width":105,"date_captured":"2025-05-28T10:00:19+00:00","extra":{"name":"us81.jpg"}},{"id":57,"license":1,"file_name":"us97_jpg.rf.b507d6d47d48230e56074dabfda95b54.jpg","height":69,"width":95,"date_captured":"2025-05-28T10:00:19+00:00","extra":{"name":"us97.jpg"}},{"id":58,"license":1,"file_name":"us46_jpg.rf.fc125b3eb0e176c7299bda418351de82.jpg","height":79,"width":93,"date_captured":"2025-05-28T10:00:19+00:00","extra":{"name":"us46.jpg"}},{"id":59,"license":1,"file_name":"us56_jpg.rf.92f238e0f9bd14a33bd2acbcffa77277.jpg","height":71,"width":99,"date_captured":"2025-05-28T10:00:19+00:00","extra":{"name":"us56.jpg"}},{"id":60,"license":1,"file_name":"us49_jpg.rf.d7d608bc5c18d13a4efe9e47da5856a9.jpg","height":79,"width":93,"date_captured":"2025-05-28T10:00:19+00:00","extra":{"name":"us49.jpg"}},{"id":61,"license":1,"file_name":"us9_jpg.rf.ec5fc3ea5b5a7dd1050f53a1387af79c.jpg","height":69,"width":123,"date_captured":"2025-05-28T10:00:19+00:00","extra":{"name":"us9.jpg"}},{"id":62,"license":1,"file_name":"us82_jpg.rf.a9610362abea7007e65a2abe224f893f.jpg","height":77,"width":105,"date_captured":"2025-05-28T10:00:19+00:00","extra":{"name":"us82.jpg"}},{"id":63,"license":1,"file_name":"us38_jpg.rf.69b54eabf57797816472a0f06c6f5136.jpg","height":65,"width":105,"date_captured":"2025-05-28T10:00:19+00:00","extra":{"name":"us38.jpg"}},{"id":64,"license":1,"file_name":"us32_jpg.rf.da195bd135d8787ee33a65aafeb24bde.jpg","height":73,"width":107,"date_captured":"2025-05-28T10:00:19+00:00","extra":{"name":"us32.jpg"}},{"id":65,"license":1,"file_name":"us15_jpg.rf.dfda433c6edde150e5297534e113047a.jpg","height":79,"width":105,"date_captured":"2025-05-28T10:00:19+00:00","extra":{"name":"us15.jpg"}},{"id":66,"license":1,"file_name":"us24_jpg.rf.98cab2bfdd913e9599746af544138f20.jpg","height":57,"width":93,"date_captured":"2025-05-28T10:00:19+00:00","extra":{"name":"us24.jpg"}},{"id":67,"license":1,"file_name":"us91_jpg.rf.e7a8f9b29aaf85ea4b3c63d556aa24fe.jpg","height":81,"width":157,"date_captured":"2025-05-28T10:00:19+00:00","extra":{"name":"us91.jpg"}},{"id":68,"license":1,"file_name":"us84_jpg.rf.d6ad9b2da59936741bfe74edccd8b309.jpg","height":77,"width":105,"date_captured":"2025-05-28T10:00:19+00:00","extra":{"name":"us84.jpg"}},{"id":69,"license":1,"file_name":"us18_jpg.rf.41a5a7b96d13194925ddf18c7e695c48.jpg","height":87,"width":153,"date_captured":"2025-05-28T10:00:19+00:00","extra":{"name":"us18.jpg"}},{"id":70,"license":1,"file_name":"us39_jpg.rf.c0746d66e1af38e97c6a6e333a25c70a.jpg","height":65,"width":105,"date_captured":"2025-05-28T10:00:19+00:00","extra":{"name":"us39.jpg"}},{"id":71,"license":1,"file_name":"us98_jpg.rf.717e9269c4c36b565f4c511f3cab5926.jpg","height":69,"width":95,"date_captured":"2025-05-28T10:00:19+00:00","extra":{"name":"us98.jpg"}},{"id":72,"license":1,"file_name":"us42_jpg.rf.4ec10b5e1f3c70af41c1a2c7feded059.jpg","height":79,"width":127,"date_captured":"2025-05-28T10:00:19+00:00","extra":{"name":"us42.jpg"}},{"id":73,"license":1,"file_name":"us2_jpg.rf.31eac322fe2160378321d477dd7ab03d.jpg","height":75,"width":95,"date_captured":"2025-05-28T10:00:19+00:00","extra":{"name":"us2.jpg"}},{"id":74,"license":1,"file_name":"us68_jpg.rf.39ff627a31f525520c7decd2902c65c1.jpg","height":75,"width":143,"date_captured":"2025-05-28T10:00:19+00:00","extra":{"name":"us68.jpg"}},{"id":75,"license":1,"file_name":"us80_jpg.rf.6a0bf4e25c30d563da06451c7ca18c7e.jpg","height":93,"width":121,"date_captured":"2025-05-28T10:00:19+00:00","extra":{"name":"us80.jpg"}},{"id":76,"license":1,"file_name":"us51_jpg.rf.a28dbd8406a8eadda7b2f70883daa130.jpg","height":75,"width":75,"date_captured":"2025-05-28T10:00:19+00:00","extra":{"name":"us51.jpg"}},{"id":77,"license":1,"file_name":"us44_jpg.rf.8e638ca8c483fc3496bfb0e9f5a53e5b.jpg","height":79,"width":127,"date_captured":"2025-05-28T10:00:19+00:00","extra":{"name":"us44.jpg"}},{"id":78,"license":1,"file_name":"us20_jpg.rf.4856ab56673bf6f40117357520a8be64.jpg","height":87,"width":153,"date_captured":"2025-05-28T10:00:19+00:00","extra":{"name":"us20.jpg"}},{"id":79,"license":1,"file_name":"us23_jpg.rf.7c158adff043136355f177ec112ed722.jpg","height":57,"width":93,"date_captured":"2025-05-28T10:00:19+00:00","extra":{"name":"us23.jpg"}},{"id":80,"license":1,"file_name":"us72_jpg.rf.2be653e7e2c38e167224d4dd00ac1fcf.jpg","height":73,"width":107,"date_captured":"2025-05-28T10:00:19+00:00","extra":{"name":"us72.jpg"}},{"id":81,"license":1,"file_name":"us64_jpg.rf.900611180e599c0900b7a02502167464.jpg","height":105,"width":157,"date_captured":"2025-05-28T10:00:19+00:00","extra":{"name":"us64.jpg"}},{"id":82,"license":1,"file_name":"us96_jpg.rf.c17b5c5376d99af601d5a9a5ef1075b9.jpg","height":69,"width":95,"date_captured":"2025-05-28T10:00:19+00:00","extra":{"name":"us96.jpg"}},{"id":83,"license":1,"file_name":"us7_jpg.rf.5e84d5365a63fea3911870ba8731a527.jpg","height":69,"width":123,"date_captured":"2025-05-28T10:00:19+00:00","extra":{"name":"us7.jpg"}},{"id":84,"license":1,"file_name":"us27_jpg.rf.3adffe53cbe746ca410a3094ac44c521.jpg","height":75,"width":95,"date_captured":"2025-05-28T10:00:19+00:00","extra":{"name":"us27.jpg"}},{"id":85,"license":1,"file_name":"us28_jpg.rf.b6f66dd0f1386452e088a7346314c945.jpg","height":75,"width":95,"date_captured":"2025-05-28T10:00:19+00:00","extra":{"name":"us28.jpg"}},{"id":86,"license":1,"file_name":"us71_jpg.rf.157efa1e5c55a592356038bdbebe92dd.jpg","height":73,"width":107,"date_captured":"2025-05-28T10:00:19+00:00","extra":{"name":"us71.jpg"}},{"id":87,"license":1,"file_name":"us92_jpg.rf.1a965f19856c2f6f81541fa383bcd51e.jpg","height":81,"width":157,"date_captured":"2025-05-28T10:00:19+00:00","extra":{"name":"us92.jpg"}},{"id":88,"license":1,"file_name":"us70_jpg.rf.dfd8c416c4fd1773f5546898a68ebdd8.jpg","height":75,"width":143,"date_captured":"2025-05-28T10:00:19+00:00","extra":{"name":"us70.jpg"}},{"id":89,"license":1,"file_name":"us59_jpg.rf.99bcf791bdab952a9ac11d2778022b8a.jpg","height":71,"width":99,"date_captured":"2025-05-28T10:00:19+00:00","extra":{"name":"us59.jpg"}},{"id":90,"license":1,"file_name":"us77_jpg.rf.2470ac890b0f222c529f47820c51914e.jpg","height":93,"width":121,"date_captured":"2025-05-28T10:00:19+00:00","extra":{"name":"us77.jpg"}},{"id":91,"license":1,"file_name":"us69_jpg.rf.be555c9a421c005f2eea3334333feb8a.jpg","height":75,"width":143,"date_captured":"2025-05-28T10:00:19+00:00","extra":{"name":"us69.jpg"}},{"id":92,"license":1,"file_name":"us1_jpg.rf.907d138098155dd283948dd6e1eb1859.jpg","height":75,"width":95,"date_captured":"2025-05-28T10:00:19+00:00","extra":{"name":"us1.jpg"}},{"id":93,"license":1,"file_name":"us88_jpg.rf.b4cf97138cf8f78067a1e397a68255a2.jpg","height":95,"width":97,"date_captured":"2025-05-28T10:00:19+00:00","extra":{"name":"us88.jpg"}},{"id":94,"license":1,"file_name":"us6_jpg.rf.5562262aede6d129be922ed44a147209.jpg","height":69,"width":123,"date_captured":"2025-05-28T10:00:19+00:00","extra":{"name":"us6.jpg"}},{"id":95,"license":1,"file_name":"us89_jpg.rf.642878f142ed9e80afa5dff27cca2d9a.jpg","height":95,"width":97,"date_captured":"2025-05-28T10:00:19+00:00","extra":{"name":"us89.jpg"}},{"id":96,"license":1,"file_name":"us43_jpg.rf.b3a2ae7eaf4bdd8ba8710327e5089ba2.jpg","height":79,"width":127,"date_captured":"2025-05-28T10:00:19+00:00","extra":{"name":"us43.jpg"}},{"id":97,"license":1,"file_name":"us19_jpg.rf.fe1d6a52101236f4d103e25a961d2895.jpg","height":87,"width":153,"date_captured":"2025-05-28T10:00:19+00:00","extra":{"name":"us19.jpg"}},{"id":98,"license":1,"file_name":"us4_jpg.rf.062021caad2aab81c70dca1467811bdb.jpg","height":75,"width":95,"date_captured":"2025-05-28T10:00:19+00:00","extra":{"name":"us4.jpg"}},{"id":99,"license":1,"file_name":"us50_jpg.rf.83203d72269fcb41df9fd9d84fabdf0f.jpg","height":79,"width":93,"date_captured":"2025-05-28T10:00:19+00:00","extra":{"name":"us50.jpg"}}],"annotations":[{"id":0,"image_id":0,"category_id":1,"bbox":[41,26,29,26],"area":754,"segmentation":[[46,27,41,32,41,50,57,52,68,48,69,47,70,45,70,38,64,29,58,26,50,26]],"iscrowd":0},{"id":1,"image_id":1,"category_id":1,"bbox":[23,13,29,24],"area":696,"segmentation":[[24,14,23,20,24,22,27,23,27,27,28,27,30,31,31,31,33,33,40,37,45,37,49,36,51,32,51,28,52,26,46,14,42,13]],"iscrowd":0},{"id":2,"image_id":2,"category_id":1,"bbox":[20,15,51,38],"area":1938,"segmentation":[[23,24,20,34,20,46,35,53,52,52,62,47,71,38,69,29,64,24,63,25,56,19,47,16,42,15,38,16,37,15,29,18]],"iscrowd":0},{"id":3,"image_id":3,"category_id":1,"bbox":[19,17,46.778,39],"area":1824.334,"segmentation":[[21,28,20,31,18.583,44.393,20,48,29,54,37,56,52,55,60,51,62.139,49.396,63.806,47.617,65.139,44.949,65.361,42.725,65,39,65,32,59,24,50,19,42,17,30,18,24,23]],"iscrowd":0},{"id":4,"image_id":4,"category_id":1,"bbox":[57,24,40,26],"area":1040,"segmentation":[[58,34,57,42,58,45,60,47,73,50,84,50,95,47,97,44,96,42,96,34,95,34,94,31,91,30,91,29,83,24,69,24,60,29]],"iscrowd":0},{"id":5,"image_id":5,"category_id":1,"bbox":[26,23,50.353,30],"area":1510.59,"segmentation":[[27,35,26,38,27,43,33,49,42,53,49,53,69,48,72.706,46.975,76.353,40.265,76,38,74,34,69,30,51,23,40,25,31,30]],"iscrowd":0},{"id":6,"image_id":6,"category_id":1,"bbox":[34,20,42,21],"area":882,"segmentation":[[35,25,34,29,36,31,40,39,46,41,70,40,76,37,76,33,73,23,72,21,70,20,54,21,53,20,51,20]],"iscrowd":0},{"id":7,"image_id":7,"category_id":1,"bbox":[23,11,65,25],"area":1625,"segmentation":[[26,24,23,28,23,33,41,36,78,36,83,33,88,27,87,20,82,13,64,11,47,11,31,18]],"iscrowd":0},{"id":8,"image_id":8,"category_id":1,"bbox":[47,24,69,46],"area":3174,"segmentation":[[47,38,47,59,50,66,65,70,77,70,95,68,98,65,108,63,107,59,115,45,116,37,108,28,98,24,64,24,50,32]],"iscrowd":0},{"id":9,"image_id":9,"category_id":1,"bbox":[45,20,67,51],"area":3417,"segmentation":[[47,35,45,42,46,59,50,66,64,69,66,71,77,71,88,70,108,64,107,53,110,51,112,41,111,36,108,34,108,27,102,25,102,23,82,20,56,22,51,24]],"iscrowd":0},{"id":10,"image_id":10,"category_id":1,"bbox":[68,31,28,19],"area":532,"segmentation":[[69,42,68,45,72,50,84,50,95,47,96,43,95,34,93,32,80,32,79,31]],"iscrowd":0},{"id":11,"image_id":11,"category_id":1,"bbox":[10,15,52,45],"area":2340,"segmentation":[[14,32,10,43,12,44,16,51,15,57,18,60,45,59,46,58,55,58,58,60,62,60,62,40,40,16,38,15,28,16,22,20]],"iscrowd":0},{"id":12,"image_id":12,"category_id":1,"bbox":[39,20,34,34],"area":1156,"segmentation":[[40,36,39,48,44,54,50,54,62,51,67,49,73,45,72,38,67,28,66,28,65,24,64,24,63,21,61,20,55,20,44,25,41,31,41,35]],"iscrowd":0},{"id":13,"image_id":13,"category_id":1,"bbox":[10,15,50,45],"area":2250,"segmentation":[[19,25,15,37,10,42,17,54,17,59,20,60,32,58,33,59,56,60,57,56,60,53,59,42,55,38,53,32,39,15,28,16,24,18]],"iscrowd":0},{"id":14,"image_id":14,"category_id":1,"bbox":[54,26,26.5,27.567],"area":730.525,"segmentation":[[59,26,57,28,56,28,53.5,34.262,54.559,39.206,58,46,60,51,61,52,65.382,53.567,68.441,53.214,73,51,78,48,80,45,80,38,79,37,77.029,30.377,75.265,27.787,68,26]],"iscrowd":0},{"id":15,"image_id":15,"category_id":1,"bbox":[28,18,37.237,29],"area":1079.867,"segmentation":[[31,24,28,30,28,41,29,44,32,47,53,45,64,41,65.237,31.84,65.132,24.994,63.026,22.15,61,19,49,18,45,20,37,20]],"iscrowd":0},{"id":16,"image_id":16,"category_id":1,"bbox":[17,15,45,50],"area":2250,"segmentation":[[19,21,19,56,17,58,20,62,25,64,62,65,62,29,59,20,53,15,32,15,21,19]],"iscrowd":0},{"id":17,"image_id":17,"category_id":1,"bbox":[44,21,28,24],"area":672,"segmentation":[[46,22,46,24,44,28,44,33,46,38,51,41,52,43,64,45,72,40,72,26,69,23,64,21,49,21]],"iscrowd":0},{"id":18,"image_id":18,"category_id":1,"bbox":[20,19,49,44],"area":2156,"segmentation":[[22,29,20,37,24,48,56,63,59,63,63,59,67,45,69,44,69,36,67,34,65,25,66,24,64,19,50,20,32,25,26,25]],"iscrowd":0},{"id":19,"image_id":19,"category_id":1,"bbox":[24,22,30,29],"area":870,"segmentation":[[26,24,25,31,24,31,25,45,26,47,33,50,48,49,52,51,53,49,52,48,54,39,52,27,50,25,50,24,48,23,37,22,28,23]],"iscrowd":0},{"id":20,"image_id":20,"category_id":1,"bbox":[22,11,66,25],"area":1650,"segmentation":[[28,21,22,33,39,35,74,36,81,34,88,27,85,13,47,11,40,13]],"iscrowd":0},{"id":21,"image_id":21,"category_id":1,"bbox":[16,16,46,44],"area":2024,"segmentation":[[21,24,18,34,16,36,16,47,18,57,32,60,47,60,61,56,62,54,62,39,58,23,44,17,30,16]],"iscrowd":0},{"id":22,"image_id":22,"category_id":1,"bbox":[27,23,24,27],"area":648,"segmentation":[[31,25,27,32,28,39,27,43,31,47,34,47,38,49,38,50,40,49,44,49,51,47,50,34,48,26,45,24,40,24,39,23,36,23]],"iscrowd":0},{"id":23,"image_id":23,"category_id":1,"bbox":[64,23,29,22],"area":638,"segmentation":[[65,32,64,41,65,41,69,45,75,44,76,45,84.944,43.392,87.611,41.169,90.722,40.391,92.278,36.166,93,29,92,24,88,24,87,23,73,24]],"iscrowd":0},{"id":24,"image_id":24,"category_id":1,"bbox":[41,26,29,24],"area":696,"segmentation":[[42,30,41,31,42,36,42,44,44,46,44,47,46,47,47,46,51,48,51,49,58,50,62,50,65,48,69,48,70,45,70,37,68,33,63,28,58,26,49,26,46,27,43,30]],"iscrowd":0},{"id":25,"image_id":25,"category_id":1,"bbox":[29,23,47,30],"area":1410,"segmentation":[[30,34,29,43,32,49,43,53,54,52,67,48,72,45,76,38,71,29,65,29,57,25,57,24,52,24,51,23,45,23,38,26]],"iscrowd":0},{"id":26,"image_id":26,"category_id":1,"bbox":[20,12,46,39],"area":1794,"segmentation":[[21,18,20,19,20,43,23,50,26,51,61,50,63,43,62,41,63,32,65,32,65,27,66,26,65,20,62,17,49,12,39,12,38,13,30,13]],"iscrowd":0},{"id":27,"image_id":27,"category_id":1,"bbox":[15,19,56,45],"area":2520,"segmentation":[[16,34,15,37,17,41,20,42,23,48,48,62,57,64,67,59,71,30,64,19,59,19,28,27,24,31,21,30]],"iscrowd":0},{"id":28,"image_id":28,"category_id":1,"bbox":[49,25,36,34],"area":1224,"segmentation":[[51,26,49,28,50,34,55,47,59,53,64,56,65,59,67,58,71,58,77,55,79,55,84,48,85,41,85,40,82,39,81,33,76,32,75,29,63,25,60,26,55,26,53,25]],"iscrowd":0},{"id":29,"image_id":29,"category_id":1,"bbox":[26,24,24,26],"area":624,"segmentation":[[31,25,26,40,26,45,27,47,34,50,36,50,37,49,45,49,48,48,50,45,50,34,48,26,46,24,36,24,35,25]],"iscrowd":0},{"id":30,"image_id":30,"category_id":1,"bbox":[27,23,22,26],"area":572,"segmentation":[[29,31,30,33,27,39,27,44,29,48,41,48,42,49,44,48,48,48,48,44,49,43,49,33,48,32,48,27,46,24,39,24,38,23,33,24,31,25]],"iscrowd":0},{"id":31,"image_id":31,"category_id":1,"bbox":[37,22,37,19],"area":703,"segmentation":[[39,25,37,27,37,29,39,40,40,41,62,41,63,40,68,40,74,38,73,30,70,27,71,25,68,22,62,22,61,23,49,22]],"iscrowd":0},{"id":32,"image_id":32,"category_id":1,"bbox":[35,37,33,26],"area":858,"segmentation":[[38,43,35,56,35,58,38,62,53,63,54,62,62,62,66,60,68,58,68,41,64,37,44,37,39,41]],"iscrowd":0},{"id":33,"image_id":33,"category_id":1,"bbox":[17,16,48,40],"area":1920,"segmentation":[[21,26,17,40,18,44,17,45,29,54,34,56,52,56,63,50,65,33,59,23,53,18,44,16,30,16,30,17,27,18]],"iscrowd":0},{"id":34,"image_id":34,"category_id":1,"bbox":[63,26,33,28],"area":924,"segmentation":[[67,30,63,40,68,52,70,53,85,54,93,52,94,51,96,46,96,36,93,30,86,26,72,26,68,30]],"iscrowd":0},{"id":35,"image_id":35,"category_id":1,"bbox":[64,26,34,30],"area":1020,"segmentation":[[66,33,64,37,64,52,66,54,70,56,90,54,91,55,94,55,98,53,96,38,93,29,85,26,71,27]],"iscrowd":0},{"id":36,"image_id":36,"category_id":1,"bbox":[24,11,63,25],"area":1575,"segmentation":[[28,23,24,27,24,32,41,36,48,35,77,36,80,35,87,26,87,20,81,15,58,11,44,13]],"iscrowd":0},{"id":37,"image_id":37,"category_id":1,"bbox":[56,57,35,23],"area":805,"segmentation":[[62,61,59.134,65.657,56,69,58,78,62,80,84,80,91,74,91,65,87,60,78,57,75,57,74,58,67,58]],"iscrowd":0},{"id":38,"image_id":38,"category_id":1,"bbox":[44,24,66,46],"area":3036,"segmentation":[[50,32,44,42,46,59,50,66,72,70,96,67,101,64,110,51,110,37,108,31,105,27,98,24,62,25]],"iscrowd":0},{"id":39,"image_id":39,"category_id":1,"bbox":[46,20,30,25],"area":750,"segmentation":[[47,22,47,27,46,28,46,31,51,41,56,43,57,42,65,45,75,38,76,32,72,24,66,22,62,22,61,21,56,21,55,20,49,20]],"iscrowd":0},{"id":40,"image_id":40,"category_id":1,"bbox":[28,18,37,30],"area":1110,"segmentation":[[35,22,28,31,28,45,30,47,32,48,38,48,50,46,53,44,59,44,60,42,63,41,65,34,64,32,64,25,63,21,58,19,45,18]],"iscrowd":0},{"id":41,"image_id":41,"category_id":1,"bbox":[14,21,49,40],"area":1960,"segmentation":[[17,36,16,41,14,42,15,51,18,55,17,57,22,60,32,61,45,55,46,52,56,47,61,40,60,30,63,27,60,21,32,22,25,25]],"iscrowd":0},{"id":42,"image_id":42,"category_id":1,"bbox":[64,24,28,22.394],"area":627.035,"segmentation":[[65,34,65,38,64,39,64,41,69,45,71.278,46.061,75.167,46.394,78,46,89,46,91,42,92,42,89,27,84,24,74,25,69,29]],"iscrowd":0},{"id":43,"image_id":43,"category_id":1,"bbox":[26,23,49,30],"area":1470,"segmentation":[[27,35,26,39,28,44,36,51,42,53,58,52,69,49,75,39,75,35,73,34,70,29,50,23,47,23,39,26,31,31]],"iscrowd":0},{"id":44,"image_id":44,"category_id":1,"bbox":[21,15,45,38],"area":1710,"segmentation":[[23,23,21,33,21,45,33,52,38,52,39,53,53,52,59,49,65,43,65,36,66,35,65,28,56,18,46,15,35,15,29,17]],"iscrowd":0},{"id":45,"image_id":45,"category_id":1,"bbox":[40,37,28,26],"area":728,"segmentation":[[43,40,42,42,40,44,40.207,49.45,40.345,54.832,41.172,57.731,42,60,46,62,53,63,54,62,61,62,64,61,67,58,68,56,68,43,63,38,49,37,49,38]],"iscrowd":0},{"id":46,"image_id":46,"category_id":1,"bbox":[20,11,33,26],"area":858,"segmentation":[[21,13,20,14,26,28,29,31,32,32,32,33,40,37,44,37,46,36,46,35,52,33,52,22,53,21,53,19,52,18,52,14,48,12,43,12,42,11,38,12,37,13,29,13,28,12,24,12]],"iscrowd":0},{"id":47,"image_id":47,"category_id":1,"bbox":[27,18,38,30],"area":1140,"segmentation":[[28,30,27,41,33,48,49,46,57,44,64,41,64,35,65,34,64,24,63,21,60,19,53,19,52,18,51,19,38,20,35,22]],"iscrowd":0},{"id":48,"image_id":48,"category_id":1,"bbox":[44,18,73,53],"area":3869,"segmentation":[[52,24,44,32,44,42,49,65,64,69,65,71,97,67,106,61,117,43,116,24,108,18,80,18,72,24]],"iscrowd":0},{"id":49,"image_id":49,"category_id":1,"bbox":[26,23,49,30],"area":1470,"segmentation":[[27,35,26,42,28,48,43,53,49,53,68,48,72,45,74,38,75,38,71,30,51,23,41,25]],"iscrowd":0},{"id":50,"image_id":50,"category_id":1,"bbox":[44,18,33,25],"area":825,"segmentation":[[46,22,46,27,44,28,44,33,45,33,46,37,52,42,56,43,66,43,68,40,72,40,75,39,77,36,73,24,70,21,62,19,54,19,52,18,48,20]],"iscrowd":0},{"id":51,"image_id":51,"category_id":1,"bbox":[38,37,32,26],"area":832,"segmentation":[[39,43,38,47,39,59,38,60,40,62,40,63,61,63,68,60,69,56,68,54,68,50,70,49,70,47,69,46,69,42,67,41,65,39,65,38,48,37,42,40]],"iscrowd":0},{"id":52,"image_id":52,"category_id":1,"bbox":[20,19,46,38],"area":1748,"segmentation":[[22,27,20,35,20,44,23,50,35,56,43,56,44,57,52,56,57,54,63,48,66,48,66,37,64,29,56,21,49,19,29,19]],"iscrowd":0},{"id":53,"image_id":53,"category_id":1,"bbox":[31,14,27,29],"area":783,"segmentation":[[35,16,31,20,31,31,34,34,34,35,37,38,50,42,57,43,58,42,58,40,56,27,52,16,47,14,38,14,36,16]],"iscrowd":0},{"id":54,"image_id":54,"category_id":1,"bbox":[41,24,33,30],"area":990,"segmentation":[[45,26,45,27,41,31,41,51,45,52,48,54,60,52,70,47,74,43,70,34,64,27,53,24,50,24]],"iscrowd":0},{"id":55,"image_id":55,"category_id":1,"bbox":[21,40,22,22],"area":484,"segmentation":[[24,41,21,49,22,59,27,62,32,62,36,61,39,58,39,57,43,52,43,50,40,42,30,41,29,40]],"iscrowd":0},{"id":56,"image_id":56,"category_id":1,"bbox":[16,19,55,45],"area":2475,"segmentation":[[20,32,19,35,16,37,24,49,55,64,61,64,66,61,69,43,71,41,69,37,70,30,67,22,64,19,54,20,34,26]],"iscrowd":0},{"id":57,"image_id":57,"category_id":1,"bbox":[20,16,49,37],"area":1813,"segmentation":[[23,25,20,34,21,47,35,53,43,53,57,50,62,46,64,39,69,37,69,33,65,23,59,24,56,19,49,16,33,16,30,17,26,20]],"iscrowd":0},{"id":58,"image_id":58,"category_id":1,"bbox":[21,20,40,42],"area":1680,"segmentation":[[23,29,21,54,27,62,31,62,37,59,40,56,42,57,59,48,60,46,59,25,61,21,59,20,54,20,48,23,44,21,38,24,34,24,33,23,24,26]],"iscrowd":0},{"id":59,"image_id":59,"category_id":1,"bbox":[27,19,38,29],"area":1102,"segmentation":[[28,31,27,35,27,47,29,48,37,48,50,46,53,44,59,44,64,41,64,35,65,34,64,32,64,26,63,24,58,20,54,20,53,19,44,19,36,23]],"iscrowd":0},{"id":60,"image_id":60,"category_id":1,"bbox":[13,21,49,40],"area":1960,"segmentation":[[14,35,13,46,14,50,18,58,27,61,35,61,41,58,42,59,45,58,45,55,48,51,50,49,59,46,62,39,61,33,59,30,59,23,57,21,40,21,27,26,21,30,20,29]],"iscrowd":0},{"id":61,"image_id":61,"category_id":1,"bbox":[37,22,36,14],"area":504,"segmentation":[[48,23,37,27,37,29,38,29,40,33,44,36,59,36,60,35,64,35,65,36,66,35,71,35,73,34,71,24,69,23,65,23,64,22]],"iscrowd":0},{"id":62,"image_id":62,"category_id":1,"bbox":[15,19,54,45],"area":2430,"segmentation":[[18,32,15,37,17.086,40.258,24,49,53,64,61,64,67,61,67,56,64,52,65,46,69,41,69,36,67,23,64,19,59,19,28,27]],"iscrowd":0},{"id":63,"image_id":63,"category_id":1,"bbox":[23,11,64,25],"area":1600,"segmentation":[[27,24,23,28,24,33,42,36,44,35,78,36,84,31,87,26,87,23,82,16,75,13,62,11,47,11,38,15]],"iscrowd":0},{"id":64,"image_id":64,"category_id":1,"bbox":[39,23,34,31],"area":1054,"segmentation":[[40,37,40,46,39,48,41,51,48,54,62,51,71,47,73,45,71,36,65,27,60,25,51,23,46,25,41,31,41,36]],"iscrowd":0},{"id":65,"image_id":65,"category_id":1,"bbox":[28,22,46,31],"area":1426,"segmentation":[[29,35,28,39,32,48,42,53,52,53,69,49,69,47,72,44,74,38,74,35,70,28,58,24,47,22,45,24,41,24,36,27,31,32,30,35]],"iscrowd":0},{"id":66,"image_id":66,"category_id":1,"bbox":[31,16,24,22.469],"area":539.256,"segmentation":[[32,20,32,26,31,27,31,31,35,36,37,37,41,37,42,38,51.221,38.469,54.337,35.773,55,28,52,18,51,17,41,16,40,17,35,17]],"iscrowd":0},{"id":67,"image_id":67,"category_id":1,"bbox":[65,28,32,23],"area":736,"segmentation":[[66,36,66,41,65,42,65,44,70,47,70,48,74,51,75,50,82,50,94,48,97,42,97,37,93,31,85,28,74,28,72,29,72,30,69,31,67,33]],"iscrowd":0},{"id":68,"image_id":68,"category_id":1,"bbox":[18,19,49,45],"area":2205,"segmentation":[[25,28,18,35,18,40,22,47,34,52,38,56,51,62,56,64,61,63,67,42,67,36,65,32,65,25,66,24,64,19,49,21]],"iscrowd":0},{"id":69,"image_id":69,"category_id":1,"bbox":[63,26,33,27],"area":891,"segmentation":[[69,28,63,40,66,46,66,50,70,53,87,53,95,49,96,46,96,42,94,36,93,34,85,26,75,26]],"iscrowd":0},{"id":70,"image_id":70,"category_id":1,"bbox":[32,11,55,25],"area":1375,"segmentation":[[37,17,34,24,32,25,32,32,42,36,45,35,73,36,80,35,85,30,87,26,87,20,84,17,75,13,61,11,51,11]],"iscrowd":0},{"id":71,"image_id":71,"category_id":1,"bbox":[20,16,45,38],"area":1710,"segmentation":[[21,32,20,46,34,53,48,53,49,54,62,46,65,36,65,28,57,22,55,19,46,16,35,17,28,19,24,23]],"iscrowd":0},{"id":72,"image_id":72,"category_id":1,"bbox":[50,25,37,29],"area":1073,"segmentation":[[53,26,50,34,53,46,61,53,72,54,73,53,81,52,81,51,86,48,87,42,85,36,80,35,79,34,79,29,78,28,71,27,67,25]],"iscrowd":0},{"id":73,"image_id":73,"category_id":1,"bbox":[20,13,45,48],"area":2160,"segmentation":[[21,21,21,38,20,40,20,48,21,49,34,59,37,60,45,61,56,60,60.583,59.179,63.583,57.178,65,51,62,18,50,13,42,13,24,17]],"iscrowd":0},{"id":74,"image_id":74,"category_id":1,"bbox":[64,22,33,28],"area":924,"segmentation":[[66,30,64,34,64,41,69,46,74,44,79,47,79,48,82,49,88,49,89,50,92,50,96,47,96,43,97,42,93,38,93,29,91,26,87,23,81,23,80,22,79,23,74,23,72,24]],"iscrowd":0},{"id":75,"image_id":75,"category_id":1,"bbox":[35,36,33,26],"area":858,"segmentation":[[37,48,35,58,38,61,60,62,64,61,66,59,67,59,68,57,68,42,64,37,60,36,56,36,55,37,43,37,42,39,40,41,39,41]],"iscrowd":0},{"id":76,"image_id":76,"category_id":1,"bbox":[26,22,24,31],"area":744,"segmentation":[[27,31,27,39,26,40,26,43,37,53,41,52,49,48,50,45,50,34,48,28,45,24,38,22,33,23,31,25,30,25]],"iscrowd":0},{"id":77,"image_id":77,"category_id":1,"bbox":[53,31,18,21],"area":378,"segmentation":[[55,32,53,34,53,40,56,47,60,52,65,52,66,50,69,49,70,47,71,38,70,36,66,32,62,31,57,31]],"iscrowd":0},{"id":78,"image_id":78,"category_id":1,"bbox":[63,27,33,26],"area":858,"segmentation":[[68,29,64,38,63,38,66,51,70,53,86,53,96,48,96,42,94,37,85,27,73,27,69,28]],"iscrowd":0},{"id":79,"image_id":79,"category_id":1,"bbox":[31,12,33,33],"area":1089,"segmentation":[[32,18,31,31,32,33,36,35,45,45,51,45,61,43,64,40,63,39,64,23,58,16,45,12,40,12,36,13]],"iscrowd":0},{"id":80,"image_id":80,"category_id":1,"bbox":[46,20,28,24],"area":672,"segmentation":[[48,22,48,29,46,30,51,40,53,42,65,44,72,40,74,38,74,29,70,24,64,21,60,20,49,20]],"iscrowd":0},{"id":81,"image_id":81,"category_id":1,"bbox":[46,20,65,51],"area":3315,"segmentation":[[47,38,46,46,50,66,57,66,65,71,70,71,96,68,108,62,111,47,111,37,108,35,109,28,98,20,85,24,81,20,79,20,78,22,61,24,50,32]],"iscrowd":0},{"id":82,"image_id":82,"category_id":1,"bbox":[22,16,46,38],"area":1748,"segmentation":[[23,27,22,38,23,46,33,53,49,54,61.564,47.52,64.231,42.902,68,36,68,34,65,25,53,19,46,16,45,17,41,17,40,16,32,17,26,20]],"iscrowd":0},{"id":83,"image_id":83,"category_id":1,"bbox":[39,23,31,17],"area":527,"segmentation":[[45,24,39,27,39,29,41,33,46,37,58,40,67,40,70,38,70,36,69,35,69,28,66,24,64,23,49,23]],"iscrowd":0},{"id":84,"image_id":84,"category_id":1,"bbox":[19,16,47,41],"area":1927,"segmentation":[[20,33,19,44,20,46,23,50,33,53,35,56,44,57,56,55,58,52,66,48,64,29,62,24,57,19,54,18,40,17,39,16,29,17,23,23]],"iscrowd":0},{"id":85,"image_id":85,"category_id":1,"bbox":[20,17,45,40],"area":1800,"segmentation":[[21,28,20,46,22,47,23,50,34,56,42,56,44,57,57,55,63,46,65,34,62,25,57,20,54,20,54,19,46,17,29,17,27,18]],"iscrowd":0},{"id":86,"image_id":86,"category_id":1,"bbox":[53,24,15,17.138],"area":257.068,"segmentation":[[55,25,54,28,53,28,53,31,55,37,58,40,64.622,41.138,67,38,67.973,34.323,68,31,66,26,61,24,56,24]],"iscrowd":0},{"id":87,"image_id":87,"category_id":1,"bbox":[58,25,39.06,26],"area":1015.552,"segmentation":[[60,32,58.179,39.611,57.94,42.479,59,45,72,51,84,50,94,48,96,46,96,42,97,41,96,36,91,29,85,26,76,25,68,26,68,27,64,27]],"iscrowd":0},{"id":88,"image_id":88,"category_id":1,"bbox":[64,22,27,23],"area":621,"segmentation":[[70,24,64,29,64,40,65,42,69,45,90,45,91,44,91,42,90,28,89,25,85,23,81,23,80,22,79,23,72,23]],"iscrowd":0},{"id":89,"image_id":89,"category_id":1,"bbox":[29,18,36,29],"area":1044,"segmentation":[[30,30,30,34,29,35,30,37,30,43,33,47,53,45,61,43,64,41,65,38,64,24,63,21,59,19,54,19,52,18,51,19,37,20,32,24]],"iscrowd":0},{"id":90,"image_id":90,"category_id":1,"bbox":[39,37,29,26],"area":754,"segmentation":[[40,44,39,47,39,50,40,51,40,57,39,58,41,61,42,60,46,62,53,63,54,62,61,62,64,61,68,57,68,42,62,38,48,37,43,40]],"iscrowd":0},{"id":91,"image_id":91,"category_id":1,"bbox":[64,22,27,23],"area":621,"segmentation":[[68,25,68,26,64,30,64,40,68,45,71,45,72,44,78,45,89,40,89,39,91,37,90,35,90,26,88,24,86,23,81,23,80,22,79,23,70,23]],"iscrowd":0},{"id":92,"image_id":92,"category_id":1,"bbox":[20,11,51,63],"area":3213,"segmentation":[[22,21,23,27,20,48,23,63,26,65,28,74,71,74,71,65,65,43,65,21,61,16,50,11,33,12]],"iscrowd":0},{"id":93,"image_id":93,"category_id":1,"bbox":[14,16,51,52],"area":2652,"segmentation":[[16,35,14,65,15,67,19,68,57,67,65,63,64,39,57,35,49,26,48,23,46,20.159,42,17,39,16,28,17,20,24]],"iscrowd":0},{"id":94,"image_id":94,"category_id":1,"bbox":[38,21,47,22],"area":1034,"segmentation":[[40,25,38,29,40,32,40,39,41,41,58,43,64,41,69,41,85,38,84,28,81,26,71,23,71,22,69,21,45,22]],"iscrowd":0},{"id":95,"image_id":95,"category_id":1,"bbox":[12,16,54,45],"area":2430,"segmentation":[[14,36,12,43,16,60,27,61,28,59,51,60,62,57,65,53,66,49,65,26,45,17,42,16,28,17,22,22,19,28,19,32,16,33]],"iscrowd":0},{"id":96,"image_id":96,"category_id":1,"bbox":[50,26,29,27],"area":783,"segmentation":[[52,30,52,31,50,33,50,44,51,46,61,53,70,53,77,52,78,50,78,46,79,45,79,40,75,35,64,26,56,26,56,27,53,30]],"iscrowd":0},{"id":97,"image_id":97,"category_id":1,"bbox":[62,27,34,26],"area":884,"segmentation":[[70,30,69,33,68,33,64,38,62,39,63,42,63,52,68,52,69,53,87,53,96,47,96,40,86,27,75,27,72,28]],"iscrowd":0},{"id":98,"image_id":98,"category_id":1,"bbox":[22,15,41.25,40],"area":1650,"segmentation":[[23,20,22,24,23,46,24,50,26,52,59,55,61,54,61,49,62,48,62.472,46.172,62,43,63.25,35.054,63,32,62,20,57,20,52,15,30,16]],"iscrowd":0},{"id":99,"image_id":99,"category_id":1,"bbox":[11,19,56,41],"area":2296,"segmentation":[[15,29,11,37,11,48,19,58,28,60,36,60,48,54,49,50,62,46,67,26,65,21,52,19,38,20,21,27,21,28]],"iscrowd":0}]}